id,name,city,state,country
64f5cc2e68dc01444871e0ec,Wallaby Hostel,Sarandë,Vlorë County,Albania
64f65379083c686d2752f525,Fiesta Party Hostel Cancun,Cancún,Quintana Roo,Mexico
64f76b1fb505269afe1c095d,Hostel Natura,Cancún,Quintana Roo,Mexico
64f7844fb5052632931c0ec2,Hostel Ka'beh,Cancún,Quintana Roo,Mexico
64f83f25fe0a823cbe9ceb6b,Main Square Hostel,Zagreb,Zagreb,Croatia
64f865bfbda96957c9247919,Whole Wide World Hostel & Bar,Zagreb,Zagreb,Croatia
64f8a372013c23749bb25ceb,Hostel Kaptol,Zagreb,Zagreb,Croatia
64ffa8224f22c128cc5dfb5d,Blue Magic Hostel,Cozumel,Quintana Roo,Mexico
64ffca0600d735513a074808,Amigos Hostel Cozumel,Cozumel,Quintana Roo,Mexico
65008e09365e57e1efbe05ed,Lum Hostel,Tulum,Quintana Roo,Mexico
65009c76365e578b89be0826,Mama's Home,Tulum,Quintana Roo,Mexico
650841413098fb19a72d8d15,Hostal Tunich Naj,Valladolid,Yucatán,Mexico
65084e713098fb167e2d924d,Hostel La Candelaria,Valladolid,Yucatán,Mexico
651029764cc5137bb1d367ac,Traveling Theater,Belgrade,Central Banat District,Serbia
651a9cbb089f5e3e99cc5c28,Party Hostel Zzz,Ljubljana,Ljubljana City Municipality,Slovenia
651aa43a089f5e33d0cc5d18,Hostel Tresor,Ljubljana,Ljubljana City Municipality,Slovenia
65239f48ad1f295f2d1e1d27,Test Hostel Paulina (DO NOT USE),Wrocław,Lower Silesian Voivodeship,Poland
652d590ba78e869204e65a74,Natwange Backpackers ,Lusaka,Lusaka Province,Zambia
6535b3143702f15e60202720,Baku Laureles Hostel,Medellín,Antioquia,Colombia
653a320130bcdb7b5ac2803a,Alessandro Palace & Bar,Rome,Lazio,Italy
653bcacac8f567f832b5f5eb,Mali Mrak,Zagreb,Zagreb,Croatia
654294dba5a83c40c2ea93f9,Chillout Hostel Zagreb,Zagreb,Zagreb,Croatia
65429a6da5a83c34f9ea9556,Fiesta Siesta Social Hostel,Split,Split-Dalmatia,Croatia
65437d4162b9a0368b080dae,Booze & Snooze Social Hostel,Split,Split-Dalmatia,Croatia
6548db366e7dee1a65212d79,Hammock Plantation,El Zonte,La Libertad Department,El Salvador
654e96ea8b61fa1f3906f96a,Casa Lupita Hostel,La Sauceda,Guanajuato,Mexico
654ff05b408f5a78c2a3f768,Casona La Garra Charrua,Mérida,Yucatán,Mexico
654fff28408f5a3c5ea3fa96,Interfaith Retreats,New York City,New York,United States
655007ed2969ea7566795432,New York Spirit Retreats,New York City,New York,United States
655228fffb0b8a32e277908a,Lisboa Central Hostel,Lisbon,Lisbon,Portugal
6553befd0ba853138abf1f6f,Spicy Hostel,Budapest,Budapest,Hungary
6553c3d10ba85343bcbf211f,El Mural Hostel,Tarapoto,San Martín,Peru
6553c71da03ed3f1d96ca243,Budapest Bubble,Budapest,Budapest,Hungary
6553d103a03ed33dfc6ca420,Vitae Hostel,Budapest,Budapest,Hungary
6553dab71dcc4622c7721ca3,Tribe on the Beach,Playa del Carmen,Quintana Roo,Mexico
6553dbf01dcc4654687221ec,Carpe Noctem Hostel,Budapest,Budapest,Hungary
6553ebbe084ede18b07d87dd,Tribe Beachville,El Cuyo,Yucatán,Mexico
6554cfc1e9fff738b317f686,Pal's Hostel,Budapest,Budapest,Hungary
655540e40309e44444b834dd,Balkan Soul Hostel,Belgrade,Central Banat District,Serbia
655a1fca3f3ce201c3bb271c,Wild Elephants Hostel,Bratislava,Bratislava Region,Slovakia
655e29ab2f15c600c3fcc5b5,Hostelche,Belgrade,Central Banat District,Serbia
655e32522f15c668a2fcd75d,Private Rooms Belgrade Hostel,Belgrade,Central Banat District,Serbia
655e3c44228a6584fd7ca249,Chile Chico Hostel,Providencia,Región Metropolitana de Santiago,Chile
655f953ce7ab97292dfe6f65,Casa Qatzij,San Lucas Tolimán,Sololá Department,Guatemala
6567897b175a4f0305b52405,Stella Di Notte,Belgrade,Central Banat District,Serbia
6567974fa96e9a46053c6321,Authentic Belgrade Centre Hostel,Belgrade,Central Banat District,Serbia
6567b696f26eb7300aa9a506,Let's Rock Party Hostel,Kraków,Lesser Poland Voivodeship,Poland
656e0a687229ec374a27d4ab,Hostel Soča Rocks,null,Tolmin Municipality,Slovenia
656e1977b9819c4ee2e1a38c,La Casa del Keej,Mérida,Yucatán,Mexico
657093485c7970da2228b957,Las Cruces,Valladolid,Yucatán,Mexico
6584dcba6eb77174a5de4fc6,Backpackers Home,Zadar,Zadar,Croatia
6585a2fd69e460a71dc4b6c8,The Lazy Monkey,Zadar,Zadar,Croatia
6585ae9459ac7f0f25ececac,Hostel & Guest House Bistrik,Sarajevo,Federation of Bosnia and Herzegovina,Bosnia and Herzegovina
658bf92ca9180453aa2c9ef1,Rossio Hostel,Lisbon,Lisbon,Portugal
658fbd270241ac9362f94cf7,Hostel Balkan Han,Sarajevo,Federation of Bosnia and Herzegovina,Bosnia and Herzegovina
658fc5040241ac5165f94eec,Urban Hostel & Apartments,Skopje,Karpoš Municipality,North Macedonia
658fcbe10241ac47c5f95079,Tequila Bar Hostel,Zadar,Zadar,Croatia
6592ff9a095ceeaa7f879b50,Hostel Vague,Muratpaşa,Antalya,Turkey
65978522c4d9e9681da9fea1,Ljubicica Hostel,Sarajevo,Federation of Bosnia and Herzegovina,Bosnia and Herzegovina
6598cf64d2b3742298302f04,Pigeon Square Rooms,Sarajevo,Federation of Bosnia and Herzegovina,Bosnia and Herzegovina
659bc223d4977e5804ba6297,Baharestan Heritage Hostel,Tehran,Tehran,Iran
659be0684432700948440b50,Isfahan Heritage Hostel,Isfahan,Isfahan,Iran
659d498d054f9c1e2598846f,Valentin Hostel 2,Skopje,Karpoš Municipality,North Macedonia
659d534f13b2f0c8f933045a,Hostel Valentin,Ohrid,Ohrid Municipality,North Macedonia
659ea8feecb84460704d08a3,Guesthouse Rose,Sarajevo,Federation of Bosnia and Herzegovina,Bosnia and Herzegovina
659fd05558f3cd1f3800cee9,Comfy Hostel,Skopje,Karpoš Municipality,North Macedonia
659fde1a58f3cd4dd000d1cf,Hostel Urban Mickitos,Bitola,Bitola Municipality,North Macedonia
659fe54158f3cd824000d4f0,Coogee Beach House,Coogee,New South Wales,Australia
65a014eae9e9c3b6aa2553f3,Hostel Franz Ferdinand,Sarajevo,Federation of Bosnia and Herzegovina,Bosnia and Herzegovina
65a13ec940224c0dcfa2a82d,Athens Hawks Hostel,Athens,Attica Region,Greece
65a1bdbac31667610ca3efef,Hostel Hasta La Vista,Sarandë,Vlorë County,Albania
65a5a4d5bbcfbfaba8531579,Baloo Hostel,Athens,Attica Region,Greece
65a68033236e042a47352802,Athens Backpackers,Athens,Attica Region,Greece
65a7f932eabc59a6ee4078ce,Pansion Stari Konak,Fojnica,Federation of Bosnia and Herzegovina,Bosnia and Herzegovina
65a8089d3a06721c2ebae34b,Rooms Port,Grad Dubrovnik,Dubrovnik-Neretva,Croatia
65a818ab669f247b4e85eae6,Hostel Vagabond,Sarajevo,Federation of Bosnia and Herzegovina,Bosnia and Herzegovina
65a82732669f24ebbd860f2b,Hostel 63,Zagreb,Zagreb,Croatia
65a8441412ea25255dfa74bc,3B Wellness Hostel,Playa del Carmen,Quintana Roo,Mexico
65a84ca312ea254243fa7714,Santuario Playa,Playa del Carmen,Quintana Roo,Mexico
65a908fa3db16842b3216bb0,Tres Mundos Hostel,Playa del Carmen,Quintana Roo,Mexico
65a9143e09d24e71d239201a,Lezzoto 2.5 Beach Hostel,Playa del Carmen,Quintana Roo,Mexico
65a91e263db16855d32171d5,Hostel Kovači,Sarajevo,Federation of Bosnia and Herzegovina,Bosnia and Herzegovina
65a92b0a3db168dd5b217933,Hostel Dioskouros,Athens,Attica Region,Greece
65a955e433464fcfe0665ed9,Hostel Bela,Ohrid,Ohrid Municipality,North Macedonia
65a9b7da4ddf42aae725b99b,Mana Mana Youth Hostel,Tossa de Mar,Girona,Spain
65aaab6166c5f1d7069b02a7,Selina Theatrou Athens,Athens,Attica Region,Greece
65ae9d64c777dff25b4c0096,Hostel Split Backpackers,Split,Split-Dalmatia,Croatia
65aea171c777df6b6b4c07cc,Hostel Dvor,Split,Split-Dalmatia,Croatia
65afbac4bb626e4133db7b2d,Robinson Sunset House,Ohrid,Ohrid Municipality,North Macedonia
65afe02b067d408306bccdbd,Nubian Hostel Athens,Athens,Attica Region,Greece
65aff0cd5fc057232ddb2fec,Athens Choice ,Athens,Attica Region,Greece
65b010ebf928264bd459a4ae,BedBox Hostel,Athens,Attica Region,Greece
65b0f0c386b167b70e86ee42,Pagration Youth Hostel,Athens,Attica Region,Greece
65b0fb46e8cb41d55e68ef41,Doma Zagreb ApartHotel,Zagreb,Zagreb,Croatia
65b113d38e73683e03a9075a,Hi Hostel Zagreb,Zagreb,Zagreb,Croatia
65b148f09e3acd5adc324188,Economy Hotel,Athens,Attica Region,Greece
65b1676abd8448f38315b446,Villa Old Town,Ohrid,Ohrid Municipality,North Macedonia
65b24bf90560e380b86d4def,TuboTulum Hostel,Tulum,Quintana Roo,Mexico
65b3ef03124dd1eb78d3c517,Hi Skopje Hostel,Skopje,Karpoš Municipality,North Macedonia
65b4026488948400c393098e,Villa Saray,Ohrid,Ohrid Municipality,North Macedonia
65b4328e12979e0404575915,Kitka Hostel - Vratnica,Tetovo,Komuna e Jegunocit,North Macedonia
65b4401bf1f1cc6182efee8a,Blue Lake Hostel Ohrid,Ohrid,Ohrid Municipality,North Macedonia
65b6760bab4e34cf2103ba4b,Zagreb Speeka Hostel,Zagreb,Zagreb,Croatia
65b683d9623ec5410bd7555d,Tija Apartments ,Ohrid,Ohrid Municipality,North Macedonia
65b6a43089e48eb90aaf3798,13 Cielos Hostel & Co-working,San Cristóbal de las Casas,Chiapas,Mexico
65b6b1d089e48ef529af406c,Roman Holidays Hostel,Rome,Lazio,Italy
65b782ee94518fc3a07eb370,Favela Hostel,Zagreb,Zagreb,Croatia
65b8666fa20e6eaa54726d43,Hostel Beautiful,Rome,Lazio,Italy
65b8d934a426bee9de828a11,Sunny Lake Hostel,Ohrid,Ohrid Municipality,North Macedonia
65b8e239a426be5a3f82a4c3,Funny Palace Hostel,Rome,Lazio,Italy
65b920cb861f8c058081f14d,Mosaic Hostel,Rome,Lazio,Italy
65b94650257085111c9cb107,Honu Waikiki by ALOH,Honolulu,Hawaii,United States
65b966def1957f7a1f6e11ae,Hostel Mosaic Central,Rome,Lazio,Italy
65ba516ce9cd29d63969b187,Hostel Villa Zorana,Hvar,Split-Dalmatia,Croatia
65baf8c21da46727b669aa21,Hostel Honolulu,Honolulu,Hawaii,United States
65bbe18a90d78b5b1300d421,Hostel Mirador,San Cristóbal de las Casas,Chiapas,Mexico
65bc423a1269dab8eb40ae12,Freedom Traveller Rome,Rome,Lazio,Italy
65bc6761b7ec94090a193ece,Open Gate Hostel Hawaii,Pāhoa,Hawaii,United States
65bc886a31b9b04006eecf2e,Perla Luxury,Ulcinj,Ulcinj Municipality,Montenegro
65bca293df387fc99ce484e2,HOSTAL LOS VOCANES,Guatemala City,Guatemala Department,Guatemala
65bca6dde50b810843eb2922,Iconic Athens Hostel,Athens,Attica Region,Greece
65bd227fee43212187529898,Pri Ančki*** B&B Ljubljana suburbs,Ljubljana,Ljubljana City Municipality,Slovenia
65bd7259be1f1c8983ab44e0,Podshare Venice Beach,Los Angeles,California,United States
65bd9e5178311fe048194b5e,Villa Varosh,Ohrid,Ohrid Municipality,North Macedonia
65bda4bf78311f3810194c8f,RIO HOSTEL,Guatemala City,Guatemala Department,Guatemala
65c036dab2dc4c17b8ee7b40,Anastasia Homestay,Ohrid,Ohrid Municipality,North Macedonia
65c044cc97d0d221b131fc1f,Sparta Team Hostel,Athens,Attica Region,Greece
65c1800a81a23718ac1c760e,Hostel Vintage,Ohrid,Ohrid Municipality,North Macedonia
65c18f187b9eabf50acff0d3,Funk Lounge Hostel,Zagreb,Zagreb,Croatia
65c192587b9eab7b6ccff688,Legends,Rome,Lazio,Italy
65c2052379a8db90bf6fb963,Urban Elephants Hostel,Bratislava,Bratislava Region,Slovakia
65c2cd388703d42b524a2a5d,Welcommon Hostel,Athens,Attica Region,Greece
65c2d6cb8703d453a14a32f2,Emerald Palace,Florence,Tuscany,Italy
65c2e0d08703d4017f4a3b78,Emerald Fields,Florence,Tuscany,Italy
65c2e5868703d445334a3e07,Hospedaje Los Chocoyos,Ometepe,Rivas,Nicaragua
65c2ea8d8703d4a8ec4a4138,One Love,Sarajevo,Federation of Bosnia and Herzegovina,Bosnia and Herzegovina
65c2f4a48703d40d994a43ff,Hostel & Cafe Mild,Ohrid,Ohrid Municipality,North Macedonia
65c2ffa98703d4a57e4a4755,The Blue Hostel,Rome,Lazio,Italy
65c386b046a0ec883e17c809,Anchi Guesthouse,Grad Dubrovnik,Dubrovnik-Neretva,Croatia
65c4189c7e993fcc487e26b2,FG Boutique Hostel,Sarajevo,Federation of Bosnia and Herzegovina,Bosnia and Herzegovina
65c425e77e993fa6507e2bc7,Melbourne City Backpackers,Melbourne,Victoria,Australia
65c428957e993f09d97e2d54,Hostal Tortuga Viajera,Ometepe,Rivas,Nicaragua
65c45e2f73d6915fccf1f273,La Controra Hostel Naples,Naples,Campania,Italy
65c4c0358d2bb7fae133f6d4,Hostel Split Backpackers 2,Split,Split-Dalmatia,Croatia
65c4fecb26cf9b017130b692,Hostel & Rooms Ana,Grad Dubrovnik,Dubrovnik-Neretva,Croatia
65c59497d41520a28ffd3a56,Hostel Esperanza,Antigua Guatemala,Sacatepéquez Department,Guatemala
65c5b4c2544174826909d727,Best Hostel Milano,Milan,Lombardy,Italy
65c5b9a0544174807c09dbfb,Madama Hostel & Bistrot,Milan,Lombardy,Italy
65c6f05267ac4b828a04474a,Eco Hostel Mayachik San Juan La Laguna,San Juan La Laguna,Sololá Department,Guatemala
65c6f8c867ac4b2879044be0,Cataleya Hostal & Grill,Antigua Guatemala,Sacatepéquez Department,Guatemala
65c6f96367ac4b50ca044cb7,Cabbage Hostel,Belgrade,Central Banat District,Serbia
65c707a267ac4bc06704531d,Legend R.G,Rome,Lazio,Italy
65c84d230d4809d609fc37d5,Tzunun Hostel,Antigua Guatemala,Sacatepéquez Department,Guatemala
65c97e1710f3461d1d47cff6,Cressy Hotel,Rome,Lazio,Italy
65ca3ec85a7e0708b238935e,Koala Hostel,Milan,Lombardy,Italy
65ca42ef5a7e070c0d389884,When In Athens Hostel,Athens,Attica Region,Greece
65ca565d5a7e0791d838a392,Oasis Hostel,Split,Split-Dalmatia,Croatia
65ca70020ac585997baf914a,Hostel Centar,Zagreb,Zagreb,Croatia
65ca800e0ac585acaeaf9f50,Hotel Torre Blanca,Managua,Managua,Nicaragua
65ca8b2c6aab03c7774f02ec,Hostal De La Fuente,Antigua Guatemala,Sacatepéquez Department,Guatemala
65caeaf112b0f826272445a5,Hostel Beauty,Rome,Lazio,Italy
65cb29e49e0edd2ba5492df0,Hotel Lella,Rome,Lazio,Italy
65cb2f099e0edd380f49314f,Hotel Munch,Managua,Managua,Nicaragua
65cb372c9e0eddbbf04936bb,Hotel Valerie,Managua,Managua,Nicaragua
65cb3a7d9e0edd84aa493894,The Space,San Juan del Sur,Rivas,Nicaragua
65cb56de85f35331d8ac6119,Hostal Huitzilin,Puerto Escondido,Oaxaca,Mexico
65cb606585f3537f2eac6709,Hi! Ostello Milano,Milan,Lombardy,Italy
65ccebca05ce21461ec164b6,Ricks Hostel Santa Ana,Santa Ana,Santa Ana Department,El Salvador
65cdd4a258150c294eec0038,Saint James Backpackers,London,England,United Kingdom
65cddf8058150cf86bec03ba,Hostel 101 Dalmatinac,Split,Split-Dalmatia,Croatia
65cde38e58150cde46ec0531,Hostel Sunset,Zadar,Zadar,Croatia
65ce03ab58150c1688ec0daa,Hostal Central,Oaxaca,Oaxaca,Mexico
65ce12ab58150c98bbec121a,The Steam Engine,London,England,United Kingdom
65cf4ced5e1681264ed96b0f,Hotel II Padrino,Granada,Granada,Nicaragua
65cf53ef5e168136abd97899,Casa Del Agua,Granada,Granada,Nicaragua
65cf63675e1681a11fd98972,Hostel Casa Yuk,San Cristóbal de las Casas,Chiapas,Mexico
65cf75ed5e1681a07ed99429,Casa Hernandez,San Cristóbal de las Casas,Chiapas,Mexico
65cf79d75e1681f024d99791,El Caite Hostel,Granada,Granada,Nicaragua
65d0ad325e1681d004d9bfc4,Hostal Casa Tequio,San Cristóbal de las Casas,Chiapas,Mexico
65d333adaa7485aae1e403e9,Hostel Hopa,Antigua Guatemala,Sacatepéquez Department,Guatemala
65d33bd9aa7485ec9fe40755,Sweet Sevilla Hostel,Sevilla,Sevilla,Spain
65d3479eaa7485b605e40c1c,The Hub - Centro Sakbe,San Juan La Laguna,Sololá Department,Guatemala
65d361f27e7f9109921a5899,Hotel Restaurante Spa La Barca de Oro,Las Peñitas,León,Nicaragua
65d38be37e7f91d6161a63b4,Hotel y Hostal Boutique Casa Garza,Mérida,Yucatán,Mexico
65d47c531d5fb70bb440732b,Bohostel Hostal Chapultepec,Guadalajara,Jalisco,Mexico
65d5e627e0ff9d3b485dab50,Lovely Home City Center,Mostar,Federation of Bosnia and Herzegovina,Bosnia and Herzegovina
65d5f5d3ba0e1335293a010b,Hostal Corazón de San Pedro,San Pedro La Laguna,Sololá Department,Guatemala
65d5f6b1ba0e1325f73a034d,Rossco Hostel,San Cristóbal de las Casas,Chiapas,Mexico
65d60d01fc09374d71e5109d,Hurricane Hostel,Split,Split-Dalmatia,Croatia
65d624b51ab25e9d515a1802,Chillout Hostel Barrio Escalante,San José,San José Province,Costa Rica
65d630fe498eaa4aafedbc35,Eco Hotel,San José,San José Province,Costa Rica
65d63151498eaa03c9edbcf4,Nomad Beach House,Puerto Escondido,Oaxaca,Mexico
65d65113a0913fa323ac04f5,Hostel Hercegovina,Mostar,Federation of Bosnia and Herzegovina,Bosnia and Herzegovina
65d6bce258b8b7166f9045e7,Gaudys Hostel,San José,San José Province,Costa Rica
65d6c61858b8b7c65c904831,Kalunai Hostel,Puerto Viejo de Talamanca,Limón Province,Costa Rica
65d6fd1d58b8b72abd9053b0,Lost In San Jose Hostel,San Pedro,San José Province,Costa Rica
65d739c5d05b880384aba146,Residenza Giustiniani,Rome,Lazio,Italy
65d743ced05b88b236aba739,Hostal Casa Xtakay,Valladolid,Yucatán,Mexico
65d74a27d05b885207aba8f4,Hostel Mancini,Naples,Campania,Italy
65d76207d05b884241abb17a,Hostel Santa Monaca,Florence,Tuscany,Italy
65d7ab37efe1201ad9e9d364,Kotantik Bed and Breakfast,San Cristóbal de las Casas,Chiapas,Mexico
65d7c3425ca7157139b80923,The Green Village Ecoboutique Hostel,Playa del Carmen,Quintana Roo,Mexico
65d810d3dc81f3466c8e4737,La Ruka Hostel,Puerto Viejo de Talamanca,Limón Province,Costa Rica
65d8c8c11337f013fe30cf49,The Exmouth Arms,London,England,United Kingdom
65d8cce71337f0d3c930d21d,The Rose & Crown,London,England,United Kingdom
65d8d0811337f06cb830d387,The Green Man,Greater London,England,United Kingdom
65d8d3521337f0f7df30d544,The Crown,Greater London,England,United Kingdom
65d8d6541337f05ce130d6d9,The White Ferry,Greater London,England,United Kingdom
65d9104d0a2a94d8931b1bfe,Aldea okot,Tulum,Quintana Roo,Mexico
65d915630a2a94e9b21b1e94,Agora Guesthouse & Hostel,Fatih,İstanbul,Turkey
65d921c673e087064a56055a,Antique Hostel & Guesthouse,Fatih,İstanbul,Turkey
65d9491d57bce207a2ac7b2f,Archeo Hostel,Fatih,İstanbul,Turkey
65d952799e41d39449a62d36,Relax Hostel,San José,San José Province,Costa Rica
65d956089e41d3a580a630d9,Bahaus Hostel,Fatih,İstanbul,Turkey
65d957da9e41d3414da63269,Roots Family Hostel,Puerto Viejo de Talamanca,Limón Province,Costa Rica
65d95cfc9e41d37e30a63597,Hostel Miran,Mostar,Federation of Bosnia and Herzegovina,Bosnia and Herzegovina
65d98ce19e41d3ae4ba63e74,Cheers Lighthouse,Fatih,İstanbul,Turkey
65da60043bcb8905de2a02de,Hostel Kucha,Sarajevo,Federation of Bosnia and Herzegovina,Bosnia and Herzegovina
65da77fec6bac979aebad390,Branch Hostel,Aranđelovac,Central Banat District,Serbia
65dac762c6bac94a3dbae3c2,Downtown Hostel Mostar,Mostar,Federation of Bosnia and Herzegovina,Bosnia and Herzegovina
65daccd1c6bac9285ebae5a5,Hotel y Restaurante las Cristalinas,San Pedro La Laguna,Sololá Department,Guatemala
65dce04256496a91190cc5f6,Mr. Mullets Party Hostel,San Pedro La Laguna,Sololá Department,Guatemala
65dd0a4f56496a47cb0cd6ae,Hide and Seek Resort,Popoyo,Rivas,Nicaragua
65dd29ba16ab3227744ce77d,Cheers Porthouse,Fatih,İstanbul,Turkey
65dd317216ab323b1f4cea42,Green House Hostel,Fatih,İstanbul,Turkey
65dd365216ab3267bd4cedd5,Nomad Hostel,Fatih,İstanbul,Turkey
65dd3eb416ab3243374cf089,Stanpoli Hostel,Fatih,İstanbul,Turkey
65dd478016ab32f0514cf484,Mandacarú,Puerto Viejo de Talamanca,Limón Province,Costa Rica
65dd55a316ab320f234d00a3,Hostel Emi,Kavadarci,Kavadarci Municipality,North Macedonia
65dd5ac516ab3253794d0304,Hostal Casa Moreno,Moyogalpa,Rivas,Nicaragua
65dde3307236d62482375aef,Playa 506 Beachfront Hostel,Puerto Viejo de Talamanca,Limón Province,Costa Rica
65de123339a6562cc3fb7fac,The Local,Fatih,İstanbul,Turkey
65de4de825cab90369aed4fb,Cheers Hostel,Fatih,İstanbul,Turkey
65de542225cab974e0aed68d,Cheers Vintage Hostel,Fatih,İstanbul,Turkey
65df0b78dd292c5a9c700774,Hostel Bus Station Beds,null,Radovljica Municipality,Slovenia
65df11d4dd292ca640700b92,WOT Ericeira Surf Hostel,Ericeira,Guarda,Portugal
65df430e089b14953c148685,Levanten Hostel,Fatih,İstanbul,Turkey
65df5455bcf598e64769b938,Sun Hostel,Belgrade,Central Banat District,Serbia
65df6366bcf598438669c2da,Hakuna Matata Hostel,Skopje,Karpoš Municipality,North Macedonia
65df8283de8c286a9e8a8368,Hostel Češka Beseda,Rijeka,Primorje-Gorski Kotar,Croatia
65df88e1de8c28d0988a8879,Hostel Mosaico Alfetta,Timişoara,Timiș County,Romania
65dfa2526ee6bb6ae9904729,Amaya Hostel,Guatemala City,Guatemala Department,Guatemala
65dfdc10dac07e0b08a71a0e,Lola Backpackers Hostel,Fatih,İstanbul,Turkey
65e065683d1a625023052b5b,Snail Bed and Breakfast,San Cristóbal de las Casas,Chiapas,Mexico
65e068d83d1a6267fb052e73,Casa 79,San Cristóbal de las Casas,Chiapas,Mexico
65e0a9df8b5fe20a6b90d673,Hostel Valladolid 48,Valladolid,Yucatán,Mexico
65e0f1418b5fe2d88690ebee,Casa Gio,Moyogalpa,Rivas,Nicaragua
65e10bce6013e59c288228dd,Mimosa boutique hotel & hostel,Tulum,Quintana Roo,Mexico
65e143536e209d172ca1d50d,Cheers Midtown Hostel,Fatih,İstanbul,Turkey
65e153dc6e209dfdd2a1d9c0,Surfing Turtle Lodge,Poneloya,Leon,Nicaragua
65e1e0086e209d347ca202f4,Gold Coast Hostel,Muratpaşa,Antalya,Turkey
65e1f040ac26b98800a2ca74,Hostel Antigueno,Antigua Guatemala,Sacatepéquez Department,Guatemala
65e1f419ecf94a3ce5f99806,Damhotel,Amsterdam,North Holland,Netherlands
65e20ce9ecf94ae91cf9a350,Hostel Centar City,Banja Luka,Republika Srpska,Bosnia and Herzegovina
65e22d61ecf94a9bf4f9ae5d,Casa de los Berrios,León,León,Nicaragua
65e23beaecf94a6426f9c6f1,Apartments Terra I & II,Rijeka,Primorje-Gorski Kotar,Croatia
65e24c77ecf94a1039f9dd21,Pool House Hostel,Santa Ana,Santa Ana Department,El Salvador
65e3233f551516d47697ae15,Pop Art Hostel,Belgrade,Central Banat District,Serbia
65e34c64cd52c3f83cadba8a,The Liverpool Pod Travel Hostel,Liverpool,England,United Kingdom
65e35aa8cd52c38533adbff8,Cabañas rusticas Hernandez,San Cristóbal de las Casas,Chiapas,Mexico
65e35fa3cd52c330e0adc2d4,Sabah Pansiyon,Muratpaşa,Antalya,Turkey
65e3625bcd52c35efeadc430,Eco Hostel,Catania,Sicilia,Italy
65e3846ecd52c35a03add290,Casa Argentina,San Juan La Laguna,Sololá Department,Guatemala
65e386d0cd52c35ad9add476,Rio Danta Hostel,La Fortuna,Alajuela Province,Costa Rica
65e39c5ccd52c34526adde0f,Oostel Smart Tulum Pueblo,Tulum,Quintana Roo,Mexico
65e447e7cba89dfe486b9d36,Capricho Beach House,Barra de Santiago,Ahuachapán,El Salvador
65e457e7cba89d1bdf6ba133,La Zona Hostel,San Salvador,San Salvador Department,El Salvador
65e464cccba89d0fb26ba6af,Casa Nicte,Flores,Petén Department,Guatemala
65e4cc00717a5a40823f8b84,Berlin Hostel,Muratpaşa,Antalya,Turkey
65e4cdf4da0251a0e873eb15,Bath Backpackers,Kilsby,England,United Kingdom
65e4ea57da025176c873fbb3,Ximena’s Guest House,San Salvador,San Salvador Department,El Salvador
65e509e2bdccf991c9dd7199,Greengo’s Hotel,Lanquín,Alta Verapaz Department,Guatemala
65e5a2a1bdccf9065ddda902,Nomades Hostel,Panajachel,Sololá Department,Guatemala
65e5a7c82c1081eb5907ed59,Sky Hostel,La Fortuna,Alajuela Province,Costa Rica
65e5f6a82c108174fc081792,Hostal Tika’aaj,San Pedro La Laguna,Sololá Department,Guatemala
65e60a2166b6bd21056631d6,Hostal Dulces Sueños,Panajachel,Sololá Department,Guatemala
65e7014e399fa461cdfade35,Dutchies Hostel,Amsterdam,North Holland,Netherlands
65e70ab60593e65330a102f9,Rural La Florida,San Pedro de Atacama,Antofagasta,Chile
65e7431c260e6766c58805d6,This Ho(s)tel,Amsterdam,North Holland,Netherlands
65e75133a8271184865f6106,CityHub Otel & Hostel,Muratpaşa,Antalya,Turkey
65e79e2a5c69dfc1b9f63f49,Hostel 24,Ljubljana,Ljubljana City Municipality,Slovenia
65e7c8c2b5ef65c0cc8190c2,Alpha Arenal,La Fortuna,Alajuela Province,Costa Rica
65e7d0fbb5ef65026c8193c1,Hostel SantaFe,La Fortuna,Alajuela Province,Costa Rica
65e7edbab5ef652099819c4a,Arenal Sloth Hostel,La Fortuna,Alajuela Province,Costa Rica
65e7f3d5b5ef659a33819f5a,Pura Vibra Hostel,La Fortuna,Alajuela Province,Costa Rica
65e7faf2b5ef653f4f81a39f,Argdivan Hostel,La Fortuna,Alajuela Province,Costa Rica
65e85be27815e920df2318cd,Day n Night Hostel,Niš,Central Banat District,Serbia
65e895297815e9de08233580,Macarena Hostel,Flores,Petén Department,Guatemala
65ea2ba497d2c6113145d9f1,Hospedaje La ruta Los Angeles,Quilleco,Biobío,Chile
65ea62d4205edb4faf9479b6,Pachamaya River Hostel,Lanquín,Alta Verapaz Department,Guatemala
65ea70732f4a49f7e4919cdd,Camazotz Hostel,Antigua Guatemala,Sacatepéquez Department,Guatemala
65ea8f5d20c01399db6a16f3,Casa Encuentro,Mérida,Yucatán,Mexico
65eaf54220c0134bea6a3199,Smart Russell Square,Kilsby,England,United Kingdom
65eb09ac392febed312a73ab,Pal's Mini Hostel,Budapest,Budapest,Hungary
65eb2061392feb29dd2a7b4c,ExpoRoyal Hotel,Muratpaşa,Antalya,Turkey
65eb3591c07e4c0f43cc2ab2,Safestay Barcelona Passeig de Gràcia,Barcelona,Barcelona,Spain
65eb59dec07e4c67d2cc4235,La Terraza Hostel,Flores,Petén Department,Guatemala
65eb6eefc07e4cbfc5cc4d13,Windrose Hostel,Fatih,İstanbul,Turkey
65eb703ac07e4c13f6cc4e2e,Hostal Don Cenobio,Flores,Petén Department,Guatemala
65eb785dc07e4c4f74cc5083,Rodin Hostel,Fatih,İstanbul,Turkey
65eb8088c07e4cdffdcc555b,Natz Hotel,Flores,Petén Department,Guatemala
65eb8426c07e4c6e6fcc5708,BeBold Hostel,Muratpaşa,Antalya,Turkey
65ec20e0deaddd0f02871a06,Hostal Casa de Grethel,Flores,Petén Department,Guatemala
65ec4eb9b1e2c005f56b2a51,HOSTEL BELLE MEUNIERE,Nice,Provence-Alpes-Côte-d’Azur,France
65edcfe4b5d3a1d6075bb4aa,Re-Born Hostel,Timişoara,Timiș County,Romania
65edd79eb5d3a1f8045bb979,Lagarza Hostel,La Libertad,La Libertad Department,El Salvador
65ede7f439af5b638dbf79bd,Hostal Villa Marta,Santa Ana,Santa Ana Department,El Salvador
65edeca839af5bc4f2bf7c80,Vivo Escondido Hostel,Puerto Escondido,Oaxaca,Mexico
65ee020639af5b07ebbf8505,Hostel Metro Floresta,Medellín,Antioquia,Colombia
65ee24e7a7bbdf5d0d14a9b7,Safestay Barcelona Gothic,Barcelona,Barcelona,Spain
65ee2ff6a7bbdf8eb914b213,Chambers Of The Boheme,Fatih,İstanbul,Turkey
65eefb4ffe0b35dad688cc9d,Second Home Hostel,Fatih,İstanbul,Turkey
65ef338975753fbba6a8b155,Corfu Backpackers Beach Hostel,Corfu,Ionian Islands Region,Greece
65f029fddd693459058a5a6a,Backpackers Hostel,Escuintla,Escuintla Department,Guatemala
65f02f8862d9e772c58acb33,Tapi House,Las Peñitas,León,Nicaragua
65f076ed2606fb76543f8da0,Smart Hyde Park Inn,Kilsby,England,United Kingdom
65f07af22606fbab1c3f9190,Hostal The Friends,Panajachel,Sololá Department,Guatemala
65f093f8edccf3d448cfcd8b,CASA VOLANTE HOSTAL,Valparaíso,Valparaíso,Chile
65f0c54fedccf33c56d0a75a,Maya Pan Hostal y Restaurante,Flores,Petén Department,Guatemala
65f0d0dfaf414024896ebf7e,Hotel Mirador Del Lago,Flores,Petén Department,Guatemala
65f0df2486f7beff4f0043dc,Ananda Guesthouse,Balgüe,Rivas,Nicaragua
65f0e06a86f7be2f01004525,Hotel Casa Amelia,Municipio de Flores,Petén Department,Guatemala
65f0eaae408824cfc6f5565d,Casa San Francisco,Granada,Granada,Nicaragua
65f17b4e18d7686f2bea3b7b,El Bamboo Cabins,Balgüe,Rivas,Nicaragua
65f1c0f9db9614d66bd2e806,Hotel Lara's Planet,El Castillo de La Concepción,Río San Juan,Nicaragua
65f1dacffb2ef5d305eeca15,El Diablo Hostel,Belgrade,Central Banat District,Serbia
65f1e801fb2ef5bbcdeed685,Hostel Golden Horn,Sarajevo,Federation of Bosnia and Herzegovina,Bosnia and Herzegovina
65f1e9c8fb2ef50c04eeda18,Hostal Rio Piedra,Estelí,Estelí,Nicaragua
65f1f273fb2ef55a42eee494,MS Sparrow Hostel,Ljubljana,Ljubljana City Municipality,Slovenia
65f1f91bfb2ef522e5eee880,ViaVia Leon,León,León,Nicaragua
65f2060d57a18ecff647fec5,Safestay Athens Monastiraki,Athens,Attica Region,Greece
65f22b2857a18edfd74809fd,La ceibita tours,Somoto,Madriz,Nicaragua
65f23ab757a18e44f848129e,Hostel Reina Roja,Playa del Carmen,Quintana Roo,Mexico
65f243c457a18e88964817ab,Lords Hostel Pub,Muratpaşa,Antalya,Turkey
65f2c4c857a18e26d3483758,Safestay Pisa Centrale,Pisa,Tuscany,Italy
65f2d723afcf4f7f4ff02b69,Joe's Layover Hostel Boquete,Boquete,Chiriquí Province,Panama
65f2e094afcf4f75d9f0326c,Bucoleon By Cheers,Fatih,İstanbul,Turkey
65f2f6b6afcf4f750af04cea,Sunset Surf Villa,La Libertad,La Libertad Department,El Salvador
65f3171a010c03ed3db1d17b,Safestay Prague Charles Bridge,Prague,Praha, Hlavní město,Czech Republic
65f31a37ccb18c3d56fcd7eb,Safestay Berlin Kurfürstendamm,Berlin,Berlin,Germany
65f324eb1daad718d5b7ef1b,Ecolodge Luna del Rio,El Castillo,Rio San Juan,Nicaragua
65f333e278956375a34d1444,Casa selva,Medellín,Antioquia,Colombia
65f341fa789563c5824d2c01,Oasis Hostel,Medellín,Antioquia,Colombia
65f346dfbf9b211339b846a5,Safestay London Elephant Castle,London,England,United Kingdom
65f34f76bf9b21ad34b84b77,Casa Vieja Guest House,Santa Ana,Santa Ana Department,El Salvador
65f35a94bf9b2176d8b85261,AdHoc Hostel,Ljubljana,Ljubljana City Municipality,Slovenia
65f36acf5b42d1244b24ae34,Safestay Brussels Grand Place,Brussels,Brussels-Capital Region,Belgium
65f37a690bb96f2c856751b6,Safestay Bratislava Presidential Palace,Bratislava,Bratislava Region,Slovakia
65f384410bb96f5de36757e4,Safestay Edinburgh Cowgate,City of Edinburgh,Scotland,United Kingdom
65f3abd9429d7ed4b589093a,Safestay Warsaw Old Town,Warsaw,Masovian Voivodeship,Poland
65f3bce9429d7eef91890f4a,Safestay Vienna Margaretenviertel,Vienna,Vienna,Austria
65f3df95429d7e0918892850,Safestay Madrid Central,Madrid,Madrid,Spain
65f4121dfd6db0768f304578,Safestay Kensington Holland Park,London,England,United Kingdom
65f42797fd6db029e5304b81,Safestay York Micklegate,London,England,United Kingdom
65f446df8934b41f0cd2d4d7,Maktub Montt - Hostal Boutique,Providencia,Región Metropolitana de Santiago,Chile
65f47f3864edc260dddbb896,Real Juquilita La Punta,Puerto Escondido,Oaxaca,Mexico
65f496c164edc21ce0dbc556,Casa Daikiri,Puerto Escondido,Oaxaca,Mexico
65f4a01c64edc23556dbd0e0,Mangrove Island Bar & Grill,Corinto,Chinandega,Nicaragua
65f4ac8dd1b4052f4572576d,Maktub Brasil - Hostal Boutique,Estación Central,Región Metropolitana de Santiago,Chile
65f4fec6bcbba99e9908c29a,The Dots Hostel,Zagreb,Zagreb,Croatia
65f51107bcbba9799508c690,Goldy,Bitola,Bitola Municipality,North Macedonia
65f5225dbcbba9392f08cbb2,Casa Mauro,Moyogalpa,Rivas,Nicaragua
65f5cb32feca3b7042a879fb,Casa Losodeli & coworking,Puerto Escondido,Oaxaca,Mexico
65f5e123b1aa534b2c0f214a,Hostal magic oaxaca,Oaxaca,Oaxaca,Mexico
65f5ea3bb1aa5356730f2461,Barcelona & You Hostel Sagrada Familia,Barcelona,Barcelona,Spain
65f5ef90b1aa5384320f272f,Maktub Europa - Hostal Boutique,Providencia,Región Metropolitana de Santiago,Chile
65f6069cb420db0e9090317d,A.G. Romana Hostel,Bucharest,Bucharest,Romania
65f64ae283143b60575c7c50,Hostel Pirate,Ulcinj,Ulcinj Municipality,Montenegro
65f703e4c3899d7d146a7942,Sunset Destination Hostel,Lisboa,Lisboa,Portugal
65f7144fc3899d4c2c6a7d67,Lisbon Destination Hostel,Lisboa,Lisboa,Portugal
65f759eeec96c5066a54d3b7,Kin Camping Y Hostal,Isla Holbox,Quintana Roo,Mexico
65f841991272ac12d0617b52,Maktub Costanera - Hostal Boutique,Providencia,Región Metropolitana de Santiago,Chile
65f85a5ae619f4101840c1c6,Safestay Glasgow Charing Cross,Glasgow,Scotland,United Kingdom
65f869b1e619f40a8440cd5e,Maui Hostels Tulum,Tulum,Quintana Roo,Mexico
65f876daa3b491571a14b0d1,Silver Screen Hostel,Tiranë,Qarku i Tiranës,Albania
65f8ae45774339674da01e5d,Safestay Lisbon Bairro Alto,Lisboa,Lisboa,Portugal
65f8fa6f4921901c993f5d72,Kabannas Liverpool,Liverpool,England,United Kingdom
65f91247f2ce712635ff1348,Kabannas Newcastle,Newcastle,Northern Ireland,England
65f949f2f35a68aee38a59df,Believer hostel,Santa Marta,Magdalena,Colombia
65f9580fecf8332d701aa4ef,CENTRUM HOUSE HOSTEL,Braşov,Brașov County,Romania
65f9b98d6dbe551210c42a37,OneFam Waterloo,Kilsby,England,United Kingdom
65f9c8f4911cbf4efbeb02fb,Nopalero Suites Hostel,Puerto Escondido,Oaxaca,Mexico
65f9c9bc911cbf17beeb0405,Hostal San Tadeo,San Juan del Sur,Rivas,Nicaragua
65f9ce99d93348c334e70bb3,Tirana Backpacker Hostel,Tirana,Tirana District,Albania
65f9d23bd93348381de70ef2,Hotel Cabinas Leyko,San Carlos,Río San Juan,Nicaragua
65f9db58d933486b7fe714b5,Hostal la Cascada,Ometepe,Rivas,Nicaragua
65f9e25cd933481dfbe71dd8,WOT Peniche,Peniche,Leiria,Portugal
65f9e537d93348ea60e71f6b,Paulina Youth Hostel,Oaxaca,Oaxaca,Mexico
65f9efad44e66280ecc3d4f4,Granada Hostel,Bogotá,Bogotá D.C.,Colombia
65fa051644e6624a1ac3dfb7,Cranky Croc Hostel,Bogotá,Bogotá D.C.,Colombia
65fa0c47ad8175ba4d4182ba,Maktub Lodge - San Pedro de Atacama,San Pedro de Atacama,Antofagasta,Chile
65faac99aceb2ac201638f36,Hostal R10,Bogotá,Bogotá D.C.,Colombia
65fb063eacfe388b4f886675,Straw Hat Surf Hostel & Bar,Brisas de Zicatela,Oaxaca,Mexico
65fb1af22b5ac25e7a0ff9f4,Nopalero Hostel,Puerto Escondido,Oaxaca,Mexico
65fb24652b5ac275e4100815,Mi Puerto Beach Hostel,Puerto Escondido,Oaxaca,Mexico
65fb27632b5ac23594100c42,Ulucaho Hostel,Bogotá,Bogotá D.C.,Colombia
65fb33842b5ac21c921022b3,El Cielo Oaxaca,Oaxaca,Oaxaca,Mexico
65fb71d0e2a34e8189a892c8,Flow House,Taquillo,La Libertad Department,El Salvador
65fbab1ce2a34e6b4ca8a7ff,Hostel Larisa,Banja Luka,Republika Srpska,Bosnia and Herzegovina
65fbc9c6ea87d0799c8419c6,Chillout Lya - Hostel & Bar,Fatih,İstanbul,Turkey
65fbd5004c2b3856331f86ef,Titan House Hostel,İzmit,Kocaeli,Turkey
65fbe364d9154c00f46fbc04,El Machico Hostel,Panama City,Panamá Province,Panama
65fbe48dd9154cd9696fbd0b,Lotus Garden Hostel,İzmit,Kocaeli,Turkey
65fbec771fc10a5fa523039d,Hostal Bodhi,Panama City,Panamá Province,Panama
65fbf59bd498e777b49925eb,Hostal Loco Coco Loco,Panama City,Panamá Province,Panama
65fc556f9b328855b1418c78,Canegüe Hostel,El Zonte,La Libertad Department,El Salvador
65fc64329b3288ea41419e0f,La Bambouseraie,Balgüe,Rivas,Nicaragua
65fc66299b3288e164419fc2,Captain Morgan Hostel,Santa Ana,Santa Ana Department,El Salvador
65fcee63b893d0fb433fb3dc,Zen Hostel by Central Market,Budapest,Budapest,Hungary
65fcf57b03caa0b4557fdc5f,Medellin Vibes Hostel,Medellín,Antioquia,Colombia
65fd01b103caa0b4247fe19b,Kromatic Hostel,Medellín,Antioquia,Colombia
65fd2041c2889cf1a2c1c1fd,El Refugio del Jaguar,Medellín,Antioquia,Colombia
65fd2923c2889ca92dc1c669,Metropol Hostel Berlin,Berlin,Berlin,Germany
65fd2b60c2889c402bc1c79c,Rock Hostel Medellin,Medellín,Antioquia,Colombia
65fd43c1c2889c0dc0c1d022,Area51 Hostel Medellin,Medellín,Antioquia,Colombia
65fd5005f26d366792935d81,Lady Mom Hostal,Medellín,Antioquia,Colombia
65fd5a5ae9a3d06728630a06,Key West Hostel,Medellín,Antioquia,Colombia
65fd5d17e9a3d05570630adb,Galata West Hostel,Fatih,İstanbul,Turkey
65fd6aa6e9a3d01f79630ef4,Baroque Hostel & Co-working,Budapest,Budapest,Hungary
65fd787be9a3d0837f6315a2,Taxim Hostel,Fatih,İstanbul,Turkey
65fd824ce9a3d040806319c9,Hostel Sport Bucharest,Bucharest,Bucharest,Romania
65fdae24eb69e1555cafcfcf,Hostel Tropical & CoWorking,San Juan del Sur,Rivas,Nicaragua
65fdbb83eb69e106a2afe6fc,Hotel Restaurante Los Cocos,Rivas,Rivas,Nicaragua
65fdcd0108f0690be38c5218,Casa Brenes,Matagalpa,Matagalpa,Nicaragua
65fdd6b808f069d8a98c56a6,Aroha Villana Boutique,Santa Marta,Magdalena,Colombia
65fddfa108f06962338c595d,Imagine Hostel,Santa Marta,Magdalena,Colombia
65fde3d608f069c4af8c5e66,Republica Bahia Hostel,Santa Marta,Magdalena,Colombia
65fde9ff08f0696e748c619c,Podshare San Diego,San Diego,California,United States
65fdebd008f06982168c6292,Podshare Los Feliz - East Hollywood,Los Angeles,California,United States
65fded4208f0694d788c63b7,Podshare Hollywood,Los Angeles,California,United States
65fdee6608f06938b48c646b,Podshare DTLA,Los Angeles,California,United States
65fe4056b48165078f3c4a84,Black Dog Hostel,Budapest,Budapest,Hungary
65fe4480b481657d0b3c4d1a,Hobar Hostel,Budapest,Budapest,Hungary
65fe4abdb48165cd183c4f91,Gaia Hostel,Budapest,Budapest,Hungary
65fe6b7128898f496d45f770,Spring Hostel,Medellín,Antioquia,Colombia
65fe7d1928898f3ff645fdad,Alojamiento Selvatica Eco,Medellín,Antioquia,Colombia
66017c88b2b1b1b74c3db350,Rosa's Lake Cabins,Mérida,Rivas,Nicaragua
66018261046e6a5bb8ddc868,Hostel La Antigua Capsula,Cartagena de Indias,Bolívar,Colombia
6601ad4b046e6a2cf4ddf210,Cabañas Puesta Del Sol,Las Peñitas,León,Nicaragua
6601bf38046e6a5495de3079,Hostel Cocos Moyogalpa,Moyogalpa,Rivas,Nicaragua
6602a63d713f1b273e92bee5,Women's Only Hostel,Prague,Praha, Hlavní město,Czech Republic
6602b52ee0992800cc13a47d,Hotel Casa Bresse,Cali,Valle del Cauca,Colombia
6602e5c1085d08fe4d835953,WOT Lisbon Patio,Lisboa,Lisboa,Portugal
6602ed81085d08ab16836e00,La Casa de Adry,Cali,Valle del Cauca,Colombia
6602efc4085d0803d88376f2,Homestay Matagalpa,Matagalpa,Matagalpa,Nicaragua
6602fe49085d087ef7839d1d,Gaston Coliving,Medellín,Antioquia,Colombia
6603129f085d08309583eca4,Casa Ruta Sur,Cali,Valle del Cauca,Colombia
66035b39fb42f6a34d72a0be,El padrino,Tulum,Quintana Roo,Mexico
66038928fb42f625b772e9bb,Blue INC s.r.o. (Best Spot Hostel),Prague,Praha, Hlavní město,Czech Republic
66038fb4fb42f606a27309fd,Casa Estación Hostal y Restaurante,Medellín,Antioquia,Colombia
660391c54e04ee58daf32b1c,Centro Hostel Medellin,Medellín,Antioquia,Colombia
6603984ad573530731f30372,Test Hostel,Estación Central,Región Metropolitana de Santiago,Chile
6603a07ad57353e939f30744,Die Fabrik – Hostel/Hotel,Berlin,Berlin,Germany
6603ad11d573537d3ef3133e,Eol777,Constanţa,Constanța County,Romania
6603b6b1772436705de1032e,Teko Arte Hostel & Bar,Ciudad del Este,Alto Paraná Department,Paraguay
6603b774772436cad3e10410,Yolo Hostel,Fatih,İstanbul,Turkey
6603c304772436c676e10c95,Prisma Hostel,Bogotá,Bogotá D.C.,Colombia
6603cd2820f8ad1c6129cc86,Mandala Yoga Hostel,Bogotá,Bogotá D.C.,Colombia
6603d41f20f8ad839f29ceca,Lima Limon Bogota Hostel,Bogotá,Bogotá D.C.,Colombia
6604061020f8ad829e29f986,Kuyay Hostel,Bogotá,Bogotá D.C.,Colombia
66040cdb20f8adea782a043b,Fatima Hostel,Bogotá,Bogotá D.C.,Colombia
660438648a9b69314eb60586,RollinKeepers House,Cali,Valle del Cauca,Colombia
6604a564e16d1237128ef3ae,Basico Hostel Medellin,Medellín,Antioquia,Colombia
6604beee529fa5698031c6a1,Hakuna Matata Glamping,Bacalar,Quintana Roo,Mexico
6604cc47a41bc9019c6b3206,Hostal Zocalo,Mérida,Yucatán,Mexico
6604d0e9a41bc96e186b3ec4,Hostal Casa Areka,Panama City,Panamá Province,Panama
6604d260a41bc984fd6b45f2,Ginger house Plovdiv,Obshtina Plovdiv,Plovdiv Province,Bulgaria
6604d9a1dcb4124417ba4346,Hostal Cigarra,San José,Veraguas Province,Panama
6604df75dcb4123071ba6b95,Community Hostel,Quito,Pichincha,Ecuador
6604e86c558d7657a0d3cd38,Hostal Familiar Carmencita,Panama City,Panamá Province,Panama
6604f3ae558d762bfcd3dea2,Hostel Le Banc,Fatih,İstanbul,Turkey
6604fd5ae18548dae196ba17,Hostel Mamallena,Panama City,Panamá Province,Panama
660529064a1ec29019aa6e7d,Casa 2600,Bogotá,Bogotá D.C.,Colombia
66052f8e241b3c78cdfb801a,Nomada Republic Panama,Panama City,Panamá Province,Panama
66053453241b3c37a3fb8242,Nomade Hostal,Panama City,Panamá Province,Panama
66054239628835fd8970e7ee,Panama House Bed & Breakfast,Panama City,Panamá Province,Panama
660635102c3b4981fb828feb,Rick’s Hostel Juayua,Juayúa,Sonsonate Department,El Salvador
6606927d22dbd51736ac0ead,Tower Bridge Hostel,Puerto Escondido,Oaxaca,Mexico
6606fccd54d16286870bb93c,WOT Lisbon Nomad,Lisboa,Lisboa,Portugal
66074a257dc93d5e36278d53,La Chimba Hostel,Santiago,Región Metropolitana de Santiago,Chile
660805a23f88b33402e32741,JO&JOE Vienna,Vienna,Vienna,Austria
66080e6df2f1fd2403249bc8,Jo&Joe Rio Largo do Boticário,Niterói,Rio de Janeiro,Brazil
66085827c11f1a577f69f9ae,Poblado Park Guest House,Medellín,Antioquia,Colombia
66085c7cc11f1a0cbe6a0542,WOT New Lisbon,Lisboa,Lisboa,Portugal
66097d1f7efcb0dda6c78291,Hostal Pura Vida la 70,Medellín,Antioquia,Colombia
6609b1b338f8ea9e07e3829d,Yellow House Hostal,Medellín,Antioquia,Colombia
6609cb662ef141138b96f1ca,Maui Hostel Playa del Carmen,Playa del Carmen,Quintana Roo,Mexico
660a140dca4f1a2b2c7d5c69,Yolo Hostel Medellin,Medellín,Antioquia,Colombia
660a1f06ca4f1a45e07d7786,The Sugar Cane Hostel,Medellín,Antioquia,Colombia
660a287382a53567d04e0112,OyeBonita Hostel,San José,Veraguas Province,Panama
660b00d6d1b8432ca6107ac1,The Wandering Paisa Backpackers Hostel,Medellín,Antioquia,Colombia
660b098bfb6b692b6373bd38,Jo&Joe Roma,Rome,Lazio,Italy
660b1a8afb6b69eeae73c9c6,Hostal Casa Astromelia,Bogotá,Bogotá D.C.,Colombia
660b315cd3024dbbedd6c826,Karuss Hostel,Bogotá,Bogotá D.C.,Colombia
660b3b7836e7a65e857ae877,Ventana Sur Hostel,Santiago,Región Metropolitana de Santiago,Chile
660b44af1977f0575ad8cc58,La Casa Roja,Santiago,Región Metropolitana de Santiago,Chile
660b548503fe3b6f98bfd65c,Hostal Yoha,Panama City,Provincia de Panamá,Panama
660b5ec6234054998a07c578,Mosaic Home,Tirana,Tirana District,Albania
660b6abad96d7574a28796c5,Tucan Hotel,Utiva,Provincia de Puntarenas,Costa Rica
660b719e88a2e87d7aca636c,Hakuna Matata Hostel,Plovdiv,Plovdiv Province,Bulgaria
660b7f9ee428fbcceab39b60,6 Small Rooms,Naples,Campania,Italy
660b884ae428fb5f8ab3a3e3,AMISTAT Island Hostel Ibiza,Ibiza,Islas Baleares,Spain
660b96cce428fbd4ecb3a87c,Arche Noah Boutique Hostel,Bogotá,Bogotá D.C.,Colombia
660ba3891bfdfe34d41ce7a9,Botanico Hostel,Bogotá,Bogotá D.C.,Colombia
660ba3cb1bfdfe06021ce822,Treeline Hostel,Alma,Colorado,United States
660bac33227d2a690a7fbc78,Buena Nota Hostel,Jacó,Puntarenas Province,Costa Rica
660bb186227d2a402f7fc28c,Casa Del Sol,Santa Teresa,Puntarenas Province,Costa Rica
660bbadf227d2a0d577fcbb1,82 Hostal Bogota,Bogotá,Bogotá D.C.,Colombia
660bbb16227d2abcfe7fcd0b,El Granado Hostel,Granada,Andalucía,Spain
660bdda83b904f25e5dde635,El Patio Hostel Quito,Quito,Pichincha,Ecuador
660be450a095b1cc34b1bb51,Selvista Guesthouses,Rivas,Rivas,Nicaragua
660bfad2abc132093b94c47a,Veranera Hostel,Málaga,Málaga,Spain
660bfb72abc132269294c51e,La Clave Hostel,Cali,Valle del Cauca,Colombia
660c0189abc132492594cfe9,Hotel 9.5,Cali,Valle del Cauca,Colombia
660c090ebf46e6daa03c8e80,Hostel Revolution,Quito,Pichincha,Ecuador
660c0e7d9c00a04d49a626b3,Vibes Aurik,Quito,Pichincha,Ecuador
660c27a9a6d3823e75d94cb6,Hostal La Casa Tolena,Quito,Pichincha,Ecuador
660c2a2683228379881dd11b,Pariwana Hostel Lima,Lima,Lima,Peru
660c305d832283eed11ddca2,Pariwana Hostel Cusco,Cusco,Cuzco,Peru
660c37ca83228345791def46,Pariwana Hostel Santiago,Santiago,Región Metropolitana de Santiago,Chile
660cf2c4e3f6df79869f0a35,ArtPlaza,Quito,Pichincha,Ecuador
660d24b099fad11119e5248c,Goodmorning Solo Traveller Hostel,Lisboa,Lisboa,Portugal
660d258099fad15985e5260b,Hostel pod Voglom,Bohinjska Bistrica,Bohinj Municipality,Slovenia
660d3394220c373126bcee8c,Luma Terra Prague Hostel,Prague,Praha, Hlavní město,Czech Republic
660d389de0ee9d3df5cb7bde,Hostal Encuentro,Cali,Valle del Cauca,Colombia
660d47bf72248e75608a83f1,Hostal Transilvania,Baños de Agua Santa,Tungurahua,Ecuador
660d5d6e24173b152aa5aabf,Eco Hotel Puerto Urbano 436,San José,San José,Costa Rica
660d693568aacb2c1f2d43a8,Highlander Hostel,Žabljak,Žabljak Municipality,Montenegro
660d6be9ec1b57500f74c3c8,Hotel Casa de Verano Santa Fe,Antioquia,Antioquia,Colombia
660d6c2b68aacb5ebd2d4a1d,Montenegro Hostel 4 U,Kotor,Kotor Municipality,Montenegro
660d7528cbe3f372e87e08e7,Hostal Panama experience,Panama City,Panamá Province,Panama
660d761ccbe3f3357c7e0a6d,Destino 26 Hostel,Montevideo,Departamento de Montevideo,Uruguay
660d8be2bc975318a9e2ee6a,Casajungla Hostel,Jacó,Provincia de Puntarenas,Costa Rica
660d96becc7a4c83ae966c93,Hostel Domestika,Bitola,Municipality of Bitola,North Macedonia
660dd33d76104556a496a9d7,Hotel del Oeste B&B Cali,Cali,Valle del Cauca,Colombia
660de5b2a412c1f4a8840ffb,Rossa Palma Hotel Boutique y Restaurante,Cali,Valle del Cauca,Colombia
660df04fa412c1c9a38426a8,Hostal La Casa del Molino Blanco B&B,Baños,Tungurahua,Ecuador
660e0577e04be49bbad9bb5c,Lucky D's Hostel,San Diego,California,United States
660e34a79606e43bd23a42de,Hostal La Chorrera,Quito,Pichincha,Ecuador
660e654d88d1acdc396c611d,Banana Hostel,Bogotá,Bogotá D.C.,Colombia
660e6e3188d1acdaf96c6ddd,La Guayunga Hostel,Quito,Pichincha,Ecuador
660e78d9739a0e17a299c2f7,Hotel Peten,Flores,Petén Department,Guatemala
660e9d74e01fdb30fb198113,Hostal Volunteer House,Quito,Pichincha,Ecuador
660ea297e01fdb188e1985a5,Casa Movida Hostel,Cartagena de Indias,Bolívar,Colombia
660ea8dbe01fdb4604199441,La Posada Hostel,Santa Teresa,Puntarenas Province,Costa Rica
660eb124d8ba7dc73c4634aa,Hostal Juana de Arco,Quito,Pichincha,Ecuador
660f02713d2b7c3cf4a26e55,Mezcal Hostel,Cancún,Quintana Roo,Mexico
660f25c5804fb62db29dc6d7,UP Hostel,Belgrade,Central Banat District,Serbia
660f2c9e804fb6def89dceb3,Nomads Hotel Playa del Carmen,Playa del Carmen,Quintana Roo,Mexico
660f3315990e0dea0815d54d,La Casona de la Ronda,Quito,Pichincha,Ecuador
660f394f990e0d6ae415d838,Nomads Hotel, Hostel & Rooftop Pool,Cancún,Quintana Roo,Mexico
660f417e30aef117af9053ed,Nomads Party Hostel,Cancún,Quintana Roo,Mexico
660f69b12dd9d159b6937f5c,Hostal Latitud Ecuem,Quito,Pichincha,Ecuador
660f7198b56a838582ad74d5,Pura Vida Mini Hostel,Puntarenas,Puntarenas Province,Costa Rica
660f7f11ac7d8427578c14b8,Belafonte Coliving,Santa Marta,Magdalena,Colombia
660f8a3fac7d84a9588c18ae,AMISTAT City Hostel,Barcelona,Barcelona,Spain
660f96b8ac7d8438e88c20be,El Zoo Hostel & Pool,Palomino,La Guajira,Colombia
660f996e5b48e55336ad9136,Backpackers Balcones River Lodge,Baños,Tungurahua,Ecuador
660fac9bed23ecd6bc15b74a,Lost Boyz Hostel,Santa Teresa,Carazo,Nicaragua
660fb04fed23ecb38d15bbb4,Rios Voladores Hostel,Bogotá,Bogotá D.C.,Colombia
660fb2d3ed23eceb5415beaa,Oldtown Hostel Ohrid,Ohrid,Ohrid Municipality,North Macedonia
660fb654b5d7ed419ab4b1b9,Portelli Hostal Zona G,Bogotá,Bogotá D.C.,Colombia
660fbc49b5d7edc2f4b4c1ab,Hostal C.Q. Chapinero,Bogotá,Bogotá D.C.,Colombia
660fc4d247e1307892591314,Hostal Viajero’s,Baños,Tungurahua,Ecuador
660fcd52b379b3f19cb514ef,Erupcion Art Hotel & Hostel,Baños,Tungurahua,Ecuador
660fd16008a5d43d90345d23,Santa Cruz Backpackers Hostal,Baños,Tungurahua,Ecuador
660fe075c2a22b12ec0f1875,Hostal Amazonia y Sol,Baños,Tungurahua,Ecuador
660fe1eec2a22b04470f1991,Grand Hostel Urban,Berlin,Berlin,Germany
660fef1ca0ee347423bb16d2,Hostal Chorro De Quevedo Candelaria,Bogotá,Bogotá D.C.,Colombia
660ffaa21aade1485e5b55e5,Rokadura Hostel,Santa Marta,Magdalena,Colombia
66100d8123fc557002d9a0aa,Belford Hostel,Edinburgh,Scotland,United Kingdom
661014afc7fff24e8235787b,Dundee Backpackers,Dundee,Scotland,United Kingdom
66101da03d28d31f10cb5983,Edinburgh Backpackers,Edinburgh,Scotland,United Kingdom
661023a7d96403f3c191b6cb,Rex House Hostel,Bogotá,Bogotá D.C.,Colombia
6610eb9c0031241899d299f5,Hotel Verony Guatape,Santa Fe de Antioquia,Antioquia,Colombia
6610f961ff71a6ae1fb37c5b,Hotel Real Guatape,Santa Fe de Antioquia,Antioquia,Colombia
66111347484d7f95754877f5,Hotel Familia Casa Blanca,San Jerónimo,Antioquia,Colombia
66113b92e3458cfc40bffd19,Onde Pepe Hostel,Bogotá,Bogotá D.C.,Colombia
661144de59ee38d236d0e9b2,Papachos Hostel,Baños,Tungurahua,Ecuador
6611548f59ee3826e6d0f4e2,Hidden House Hostel Montanita,Montañita,Santa Elena,Ecuador
66115c9e4494346f04740368,Hostal D’Mathias,Baños,Tungurahua,Ecuador
66116ef142b6a30541549f75,Eco Hotel Terrabella,Medellín,Antioquia,Colombia
6612a6a0d145d1bacc116f44,Operahouse Rooms,Budapest,Budapest,Hungary
6612cd7c06b411cf802d6e48,B&B Mexico Roma Norte,Ciudad de México,Ciudad de México,Mexico
6612dd5716616ded173276ac,Ticuchi Hostel,Oaxaca,Oaxaca,Mexico
6612f73edc02de5339d992d0,Apapacho CDMX,Ciudad de México,Ciudad de México,Mexico
6612fdda4ec2a954da0cffdc,LUM Tulum,Tulum,Quintana Roo,Mexico
66134a74b7519f9a3b00281f,Hostel Home,Ciudad de México,Ciudad de México,Mexico
6613758dd291444b15266065,Hostal Amigo,Ciudad de México,Ciudad de México,Mexico
6613cd05a8b73505d52449d6,Cordova Hostel Medellin,Medellín,Antioquia,Colombia
6613f0be8c758a5458903042,Revolution Hostel Asoke,Phra Nakhon,Bangkok,Thailand
6614011e5d56885e7ec1883e,Old Town Hostel,Kotor,Kotor Municipality,Montenegro
6614b21cb01368139c119764,Pupa Hostel,Kotor,Kotor Municipality,Montenegro
66153cbe0c62ffc76101cf26,Paradise Project Hostel Backpacker,Montañita,Santa Elena,Ecuador
661543d26dd472c4bedfffb4,Cayena Beach Hotel,Montañita,Santa Elena,Ecuador
66154dbc3afaf2cb54c60a79,Hostal Moai B&B Surfcamp,Montañita,Santa Elena,Ecuador
66154e8d3afaf207ddc60b78,My Little House Surf & Backpaker Hostel,Montañita,Santa Elena,Ecuador
66155abede1e446d4f0a073d,Hostel 24,Ljubljana,Ljubljana City Municipality,Slovenia
661586d9c635e02576be9baf,The Red Hut Inn,Belize City,Belize District,Belize
6615c3f592610d6af3335c2a,Mulia Inn Denpasar Imam Bonjol,Baki,Jawa Tengah,Indonesia
6615e093c50cf0e6ced22f86,Lis hostel,Mérida,Yucatán,Mexico
6616055ac54613e901096f4a,Villalobos Hotel Managua,Managua,Managua,Nicaragua
6616092dc546134d5c0971ea,Nikikot Antigua Hotel and Hostal Food & Drink,Antigua Guatemala,Sacatepéquez Department,Guatemala
66160dfdfaca6f24f81fa5ea,Puerto Dreams,Puerto Escondido,Oaxaca,Mexico
66161122faca6f8c691fa733,Volko Party Hostal,Antigua Guatemala,Sacatepéquez Department,Guatemala
66161998502ff49ef8828941,Casa Del Sol – Yoga & Surf Hostel,Montañita,Santa Elena,Ecuador
661641d11993cb719c32f645,Casona H,Puerto Escondido,Oaxaca,Mexico
661769ef9ad51c26f07f6fd4,Casa Colonial Hotel,Quito,Pichincha,Ecuador
6617ad981579fe34dfaec543,Lazy Frog,Montañita,Santa Elena,Ecuador
6617d490e7bbb36ef6698dda,Hostal Almagro,Quito,Pichincha,Ecuador
6617d757e7bbb31ce9698f8d,Sandy Toes Hostel,Sámara,Guanacaste Province,Costa Rica
6617d8b6e7bbb31b3d6990e8,Grand Rio Hostal,Baños,Tungurahua,Ecuador
6617e6339f95af44c0f0c2af,Aji Hostel,Providencia,Región Metropolitana de Santiago,Chile
6617fa00cd3cd312f871d589,Hostel Backpackers,Mostar,Federation of Bosnia and Herzegovina,Bosnia and Herzegovina
6618135e6273aa75177b87d5,Good People Hostel,Belgrade,Central Banat District,Serbia
661817aa1482cb1916916fba,Hotel Quito Cultural,Quito,Pichincha,Ecuador
66186852fb5b4e1f6d87c53e,Hostal Wild Monkey,Cuenca,Azuay,Ecuador
6618698e25ff45198dc3cf0a,Slow Monkey Hostel,Puntarenas,Puntarenas Province,Costa Rica
661871af5567df7deaed4602,Hostal Restaurant La Cigale,Cuenca,Azuay,Ecuador
6618781b5567df2418ed493d,AlterNative Hostel,Cuenca,Azuay,Ecuador
661896a466097614be8e3f51,Hostal Tierra y Mar,Montañita,Santa Elena,Ecuador
66190b2d3dade1515ffeb225,Hostel Marisol,Sámara,Guanacaste Province,Costa Rica
66194c9ebf6c2ecb2edda4d2,Hostel Room,Banja Luka,Republika Srpska,Bosnia and Herzegovina
66195f52fc8c5e0fb2d86b0a,Stars Aspava Blue Hostel,Podgorica,Podgorica Municipality,Montenegro
661a0885a380662da59842fc,Hostal Hogar Cuencano,Cuenca,Azuay,Ecuador
661ad28c9ccaf021f14f0003,La Joya Hostel,Valparaíso,Valparaíso,Chile
661d3122f1960f99304b54cf,La Guayana Hostel,Bocas del Toro,Bocas del Toro Province,Panama
661d384cdb1fc32373ac9138,Hostel Mochiliers Bed and Breakfast,Cuenca,Azuay,Ecuador
661d3e0ddb1fc3221bac93e7,Cataleya Hostel,Bocas del Toro,Bocas del Toro Province,Panama
661d44507d552830767aba09,Nanas Hostel,Cuenca,Azuay,Ecuador
661d4cb37d55288fa47ac901,Pineapple House,Bocas del Toro,Bocas del Toro Province,Panama
661d51ddcb3a635c44766a35,Room2Board Hostel and Surf School,Jacó,Puntarenas Province,Costa Rica
661df84acb2dfc7eb81e2a87,The Bocas Corner,Bocas del Toro,Bocas del Toro Province,Panama
661e26b41481d194eb23efc1,Hostal Prado Colonial,Medellín,Antioquia,Colombia
661e7256aa5eb462ec721edd,Waterfall Hostel,Sarajevo,Federation of Bosnia and Herzegovina,Bosnia and Herzegovina
661e7aca0e65f064bd6806a5,TamaHostel & Glamping,Tamarindo,Guanacaste Province,Costa Rica
661ea9804964a784ab06e11a,33Hostel,Ferrel,Leiria,Portugal
661f08d46a8423afc58cd6b2,Mallki Hostel,Cuenca,Azuay,Ecuador
661f0eeb6a842300218cdfac,Pupa House,Tamarindo,Guanacaste Province,Costa Rica
661f19bc9663c97d9fab0de3,Lof Pichilemu Hostal,Pichilemu,Libertador General Bernardo O'Higgins,Chile
661f213e9663c94740ab174f,Hostal Kuyen,Pichilemu,Libertador General Bernardo O'Higgins,Chile
661f34025045a0d576fdcf0d,La Casa Cuencana,Cuenca,Azuay,Ecuador
661f612db199747517971e38,Apinelo Hostel,Split,Split-Dalmatia,Croatia
661f82679c96b757f123fe89,Spanish By The Sea - Bocas,Bocas del Toro,Bocas del Toro Province,Panama
661f925c9c96b72ea8240d72,Monteverde Backpackers,Monte Verde,Puntarenas Province,Costa Rica
661f99da9c96b7947a241283,Torch 77,Dubai,Dubai,United Arab Emirates
661fabae4854dee58de55945,Homestar Deluxe Hostel - Jumeirah Beach,Dubai,Dubai,United Arab Emirates
661fc05431465e02b83b90f1,Caveland,Mesariá,South Aegean,Greece
661fd4332306bc33f8334759,Ache B&B,Cali,Valle del Cauca,Colombia
661fdc4984ef045740c88a0e,Mi Casa Tica Hostel,Santa Elena,Provincia de Puntarenas,Costa Rica
66205bae0c0617445b38183d,Nomadia Hostel,Bogotá,Bogotá D.C.,Colombia
66206888238e40061ba0561f,Monteverde Monkey Hostel,Monteverde,Provincia de Puntarenas,Costa Rica
66211e7e5e06d474837e74c9,Republica Hostel Cartagena,Cartagena de Indias,Bolívar,Colombia
662125f75e06d426937e7c6a,Willhouse Hostel,Pucón,La Araucanía,Chile
6621420b2b30af7ca8d56d97,Jo & Joe Rio Largo do Boticário,Rio de Janeiro,Rio de Janeiro,Brazil
6621e6d73890f3e586c7386a,Peace and Love Hostel,Paris,Île-de-France,France
6622067fb7e3fc80889e42a0,Hostel Raiz,Pucón,La Araucanía,Chile
662255763f8975d04585ccd9,Hostel Budva,Budva,Budva Municipality,Montenegro
6623471bf42a863229b06914,Onefam Ribeira,Porto,Porto,Portugal
66237e0e07364c587561068e,The Shiralee Backpackers,Perth,Western Australia,Australia
6623d50e07b08c7a933ddb8d,Grays Hostel By Haly,Dubai,Dubai,United Arab Emirates
6624aa9d463efebce4561f96,Casa Aura del Mar,Máncora,Piura,Peru
6624f9fedfe13c6da02b7243,Tres Palmas,Montañita,Santa Elena,Ecuador
66262341a843ea00703198d1,Terra House Packer,Cusco,Cusco,Peru
6626440e97ccc1cd3d56b33b,LA CHOZA INN HOSTEL & OFF SITE JUNGLE HOT SPRINGS,La Fortuna,Alajuela Province,Costa Rica
66266ee8d49738c1ddbe8dc4,LOFZ,Tirana,Tirana District,Albania
66267bf8b87f6d04c0946a82,Los Almendros de Mancora,Máncora,Piura,Peru
66270aee46efec9028563de8,Mama Tungu,Baños,Tungurahua,Ecuador
662730aae6d0d666caec187c,HI HOSTEL RIJEKA,Rijeka,Primorje-Gorski Kotar,Croatia
6627654ae6d0d64d84ec3841,La Posada,Máncora,Piura,Peru
66277d63121857e2dfbffccf,Kinti Guest House,Máncora,Piura,Peru
66279359ef97c14f766f4e9d,Hostal Kundalini,Montañita,Santa Elena,Ecuador
6627a433e9d187fe504c7765,BLA BLA HOSTEL,Sofia,Sofia City Province,Bulgaria
662897ab687d53cf0eac7ccd,Hostal Viena,Quito,Pichincha,Ecuador
66289e00687d539aebac82ee,Hostel Manaus,Manaus,Amazonas,Brazil
6628a6c3687d536354ac874f,Hotel Check Inn Cuenca,Cuenca,Azuay,Ecuador
6628ac6d687d53abb1ac8bef,Hostel La Suerte,Berlin,Berlin,Germany
6628b2ce687d5315a8ac947e,Pijama Hostel,Obshtina Plovdiv,Plovdiv Province,Bulgaria
6628c4d2cb165688e41c5241,HOSTEL 365 FOR U,Dubrovnik,Dubrovačko-neretvanska županija,Croatia
6628c558cb165639fc1c5621,OneFam Budapest,Budapest,Budapest,Hungary
6628dcd83656fa1c40462369,UFO House,Montañita,Santa Elena,Ecuador
6628fb8661a82f7d746cb944,Hostal Timara,Baños,Tungurahua,Ecuador
662906b78822ac4cb8696bfb,Landay Hostel,Santiago,Región Metropolitana de Santiago,Chile
6629125e4684a0bfc3e01bb7,Aldeia Hostel 2,Manaus,Amazonas,Brazil
662913044684a0f00de01c46,Hostel Galapagos Natural Life,Quito,Pichincha,Ecuador
6629212839d000a374ce7329,Aldeia Hostel 1,Manaus,Amazonas,Brazil
66292b247560c83cf1bb4a25,Casa Hotel Las Plazas,Quito,Pichincha,Ecuador
6629b9cc61917ad66a35598b,Casa Moksha,Máncora,Piura,Peru
662a9fa7f497a75e7002845c,Hostel Estacion Mendoza,Mendoza,Mendoza,Argentina
662b2f054667ac3a4f258516,Angatu Hostel Service - Manaus,Porto Amazonas,Paraná,Brazil
662b8a9452bf680a82084d4d,Netizen Budapest Centre,Budapest,Budapest,Hungary
662c60f59fe8d0c3f5364585,AquamarInn,Máncora,Piura,Peru
662c83f87e6ce32487aba4ba,Travelers’ House,Huanchaco,La Libertad,Peru
662c9ec5f8e7fd66a48dfb9c,OneFam Catedral,Sevilla,Sevilla,Spain
662caf9e4fa165f77e101524,Monteverde Family House,Puntarenas,Puntarenas Province,Costa Rica
662cc8644fa165d85a1026fd,Check Inn Olon,Olon,Santa Elena,Ecuador
662cd6c44fa165767d102e66,Laguna Surf Mancora,Máncora,Piura,Peru
662d02494fa16581c210441e,Hotel Taormina (Brussels Airport),Zaventem,Flanders,Belgium
662d77205d7d2030fbf2a179,The Loft Budapest,Budapest,Budapest,Hungary
662dabb022f2f72a7a46c73b,Alhue Patagonia Hostel,San Martín de los Andes,Neuquén,Argentina
662db7863cc0bc44fc9e4e0d,Achalay Hostel,San Carlos de Bariloche,Río Negro,Argentina
662dce9670369c01bac6ed95,HostelChe Guest House,Smederevo,Central Banat District,Serbia
662df3f7399bc105ebad6d5d,Casa Naranja,Máncora,Piura,Peru
662e5893399bc1130bada223,ATMA Hostel & Yoga,Huanchaco,La Libertad,Peru
662e6a27399bc1049badaf8e,UP Hostel,Biograd na Moru,Zadar,Croatia
663062fd31332d3e01d575c0,The Little Havana Party Hostel,Kraków,Lesser Poland Voivodeship,Poland
663080085970172658f8a7c2,Arenal Family House,La Fortuna,Alajuela Province,Costa Rica
66308a495970177192f8adc7,Huanchaco Surf Camp,Huanchaco,La Libertad,Peru
66308df878c34b641b63a318,Punanti Hostel,Cayambe,Pichincha,Ecuador
663093e3e8d221b91bbcef01,OneFam Centro,Sevilla,Andalucía,Spain
66309589a7bd506ef3e6dbe5,OneFam Miru,Prague,Praha, Hlavní město,Czech Republic
66309cb4a1ea5c2d3bb8332e,Hostel y Cabanas Pehuenia,El Bolsón,Río Negro,Argentina
6630aa6a5c916962d990eb5a,OneFam Old Town,Prague,Praha, Hlavní město,Czech Republic
6630af3c5c916985e990ef49,Rodinia Hostel,San Carlos de Bariloche,Río Negro,Argentina
6630bed2146ccf0002f25e70,Jardin de Rosas,El Bolsón,Río Negro,Argentina
6630db30b39a2fc54aecb47e,Grand Hostel Berlin Classic,Berlin,Berlin,Germany
6630dbccb39a2f98c9ecb509,Rio SLZ,Lagoa Grande do Maranhão,Maranhão,Brazil
6631d49571802222c57f7817,Hopa Hostel,San Carlos de Bariloche,Río Negro,Argentina
663277dce9741f6e52611727,LA COLMENA ECO LODGE,Puerto Varas,Los Lagos,Chile
663344589147831fe9bd5d63,OneFam Home,Prague,Praha, Hlavní město,Czech Republic
66335417555323532da935e5,OneFam Batlló,Barcelona,Barcelona,Spain
66336fa9555323e77da949d8,Big Bear Hostel,Big Bear Lake,California,United States
6633c3004cc6b11c56c7af77,Algarve Hostel by Sweetspotforus,Faro,Faro,Portugal
6634abda2d7407312e7233ce,HI Hostel Pula,Pula-Pola,Istria,Croatia
6634beb9e014245bc96555a0,Golden Age Hostel,Ohrid,Ohrid Municipality,North Macedonia
6634cf0314038cf850075701,OneFam Madrid,Madrid,Madrid,Spain
6634df9314038ca48b076103,Lazy Crab,Balgüe,Rivas,Nicaragua
6634eefa60ab7e4b1bf890f4,Im hostel Leblon Rio de Janeiro,Rio de Janeiro,Rio de Janeiro,Brazil
6635ad92c2179053a9ca5dd9,Hostal El Guis,Balgüe,Rivas,Nicaragua
6635b8dec217901219ca6260,Ipanema Club Hostel,Rio de Janeiro,Rio de Janeiro,Brazil
66384873db89da249355baa4,Vacahouse Huaraz B&B,Huaraz,Áncash,Peru
663854047d0e09137bb3c5a6,Aldos Guest House,Huaraz,Áncash,Peru
663876767d0e09ab26b3d231,Hostel Berkana,San Carlos de Bariloche,Río Negro,Argentina
663882aa47ac10d7075c802b,Sophie’s Hostel,Prague,Praha, Hlavní město,Czech Republic
6638866075ee5e4a54f8e975,Hostal Alpes Huaraz,Huaraz,Áncash,Peru
6638cb9a128c928e7c19afaa,Somewhere Nice,Accra,Greater Accra,Ghana
6638cc7e128c929e7c19b09e,OneFam Paralelo,Barcelona,Barcelona,Spain
6638d5fc4789036f2e28dc3a,Sir Toby’s Hostel,Prague,Praha, Hlavní město,Czech Republic
6638de713b6cbd4598455703,Sir Toby’s Midtown,Prague,Praha, Hlavní město,Czech Republic
6638e620bd695b66ae822f0f,Hostel Cosmo,El Bolsón,Río Negro,Argentina
6638e8debd695b3df882332f,Hotel Boutique La Ronda,Cuenca,Azuay,Ecuador
6638eb455b7a6c33a2a7a098,Hostel Ruca Hueney,San Carlos de Bariloche,Río Negro,Argentina
6638f0194dc02ac341d2651d,Moving Hostel Travel Bar,San Carlos de Bariloche,Río Negro,Argentina
6638f7c2a0455b551bdd109a,Reviviendo Hostel,San Carlos de Bariloche,Río Negro,Argentina
6639c8159047f21d77464348,Huellas Hostel,Ometepe,Rivas,Nicaragua
6639dbaf9047f21dfb464c8a,La Maison,Máncora,Piura,Peru
663a344f5f53241cbcee15c7,Mai Ke Kai Surf House,Tamarindo,Guanacaste Province,Costa Rica
663a44b11499a118fc3c33a5,Hostal Naylamp,Trujillo,La Libertad,Peru
663af7164b141888651e4fcd,Hostel Bella Ciao,Rio de Janeiro,Rio de Janeiro,Brazil
663b0ef343257f3a90a42e41,Hostel M,Belgrade,Central Banat District,Serbia
663b2dd024110583522fa359,Alpes Lima Kennedy Hostel,Lima,Lima,Peru
663b5104cf0da57be4044d45,Beach Cabin Ometepe,Ometepe,Rivas,Nicaragua
663b6992cf0da51278046412,HOTEL BALUARTE BOUTIQUE PANAMA,Panama City,Panamá Province,Panama
663b7664588436bca3c71d5f,Blue Door Hostel,Tirana,Tirana District,Albania
663b83ee5884366e8cc7224b,Casa Tribu,Huaraz,Áncash,Peru
663b8f6ac0b6ad2d3f0d06c2,BUFF HOSTEL TIRANA,Tirana,Tirana District,Albania
663bb8ec4d405fb3e06e1c8a,Kabul party hostel,Barcelona,Catalunya,Spain
663beb42ab3007fcd3aca22c,Yarumo Hostel,Bogotá,Bogotá D.C.,Colombia
663c079c13fcc5f32d9a795b,Krusty Hostel,Huaraz,Áncash,Peru
663c1264ac476c308c7950e9,Le Saint-Etienne,Trujillo,La Libertad,Peru
663c413edc2f8e2bded1ea6c,Casa Istiam,Santa Cruz,Rivas,Nicaragua
663c71c2a81e4d7356ce1f49,Benkawasi Experience Huaraz,Huaraz,Áncash,Peru
663cfb7d54fe2a46cc0347e0,Adam camp,Nuwaybi‘a,South Sinai,Egypt
663d7b72c41a145d0d6d1993,Waikiki Hostel,Lima,Lima,Peru
663d82addb94c915c9bd6a5a,The Bearded Dad Hostel,Tirana,Tirana District,Albania
663d83c5db94c942edbd6afb,Cliffs Hostel,Bocas del Toro,Bocas del Toro Province,Panama
663d90d3338ecb3dd90ae93c,Rainbow Hostel,Miraflores,Provincia de Lima,Peru
663d97d6338ecbd6e90aed25,Travesia Sur Hostel,El Bolsón,Río Negro,Argentina
663d9918338ecb13840aedd5,Hostel Bongo,Belgrade,Central Banat District,Serbia
663da136338ecbc6ac0af3a6,Finca Magdalena,Balgüe,Rivas,Nicaragua
663dabc6d258d2169365f166,Hostel New Ipanema,Rio de Janeiro,Rio de Janeiro,Brazil
663dbcf60d5c758f4db852ee,Iguana Surf,Tamarindo,Guanacaste Province,Costa Rica
663de9eadc20c51626fa8f98,Las Palmeras Hostel Ometepe,Rivas,Rivas,Nicaragua
663dfd6d6e415853bb26dc98,Milingona City Center Hostel,Tirana,Tirana District,Albania
663e15b46e4158750126e3f2,Piata Unirii Cozy Inn,Bucharest,Bucharest,Romania
663e1e13eae7e44139f26172,Art Hostel,Tirana,Tirana District,Albania
663e23b9f209e21b04374aae,Raindance Hostel,Ometepe,Rivas,Nicaragua
663e2978f209e2a41e374cfd,Smart Hostel,Belgrade,Central Banat District,Serbia
663e2f82651393e63afe7a23,The Point Hostel Miraflores,Lima,Lima,Peru
663e349d651393dd5efe7e24,The Point Mancora Beach Hostel,Máncora,Piura,Peru
663e569d0dea747e891fa596,Donde Regina,Guatemala City,Guatemala Department,Guatemala
663e6314f4507984f528ec91,Yes please! Hostel,Antigua Guatemala,Sacatepéquez Department,Guatemala
663e6c55f450795d0828f3ed,Why Not? Hotel,Antigua Guatemala,Sacatepéquez Department,Guatemala
663e719af450794ee928f876,Inari Hostal,Guatemala City,Guatemala Department,Guatemala
663ead4f43de9481c8fed2b1,Hospedaje Soma,Moyogalpa,Rivas,Nicaragua
663ee5426e075a2eee94aefd,El Zopilote Permaculture Farm / Hostel,El Tránsito,San Miguel Department,El Salvador
66415c53795bb4fc497fa4d7,Onefam Les Corts,Barcelona,Barcelona,Spain
6641ea72f1ef2320f5c6e0c6,Ometepe House,Moyogalpa,Rivas,Nicaragua
66421a3e0702c80b95e07099,Llaqta Wasi,Miraflores,Provincia de Lima,Peru
6642c10cacf0e59c1b26bd07,Czech Inn,Prague,Praha, Hlavní město,Czech Republic
6643042269f052af0d30d946,Hostal Inculta Be Live,Rivas,Rivas,Nicaragua
6643133169f052476930dd96,Bunk & Brew,Bend,Oregon,United States
664323366069680a7777a3dc,La Palmera Hostel & Coffee Shop,Cali,Valle del Cauca,Colombia
6643353ee064e44ff930f65f,Nomadas Hostel,Moyogalpa,Rivas,Nicaragua
66436959e47ce13170adaf81,JJ&JE family House,Dar es Salaam,Dar es Salaam,Tanzania
6643ad6bd59ede566d537fb6,Hostal Little Queen Lobster,Brus Laguna,Gracias a Dios Department,Honduras
6643b30dd59ede7222538340,Hostal Queen lobster,Pearl Lagoon,South Caribbean Coast Autonomous Region,Nicaragua
66449f9598e56642afb6bfd2,Hostal Mama Derlys,Moyogalpa,Rivas,Nicaragua
6644b9d94be94c34dd8c2753,Pearl lulu modern bnb homestay,Dar es Salaam,Dar es Salaam,Tanzania
6644c5b9d27be63326b87b32,L&J backpackers,Dar es Salaam,Dar es Salaam,Tanzania
66459ba5859903778cade550,Joy Palace Sevilla,Sevilla,Sevilla,Spain
6645d07d8e29df40e7e73041,B&B Wasi Aeropuerto Lima,Callao,Callao,Peru
6645dc16e41835a0a0407268,Bareja Family Hostel,Lima,Lima,Peru
6645fb705d52316d99b6e0c1,Green Orchid Hostel Miraflores,Miraflores,Provincia de Lima,Peru
66461b89bc512137c8f215f8,Yaki Hostel,Lima,Lima,Peru
6646b8fde150dc61b63135b1,Punta Pacífico Bungalows Mancora,Máncora,Piura,Peru
6646c8e4bdbeff1743f73ed1,OneFam Notting Hill,Barking,England,United Kingdom
6646e7866f2fac053366888a,Kurmi Hostel Lima Airport,Callao,Callao,Peru
66471ba0b357b102a46cca15,Hostel Thay 83,Miraflores,Provincia de Lima,Peru
6647322bb357b10d5a6cd69a,Inkawasi Hostel Boutique,Miraflores,Provincia de Lima,Peru
66475200cf48fd0b2c01411e,Miraflores Guest House,Miraflores,Provincia de Lima,Peru
66476116f776b555b9e251fd,Tulia house backpackers nyali,Mombasa,Mombasa,Kenya
6648ec58287dab085d0ef291,Hospedaje Mary,Paracas,Ica,Peru
664b4e58d83d7352c6678cad,Oki Doki OLD TOWN Hostel,Śródmieście,Masovian Voivodeship,Poland
664b74fe5d66a57acffedfa9,Clink i lár,Fingal County,Leinster,Ireland
664bd8da3f37f9ed0f625aa3,El Tiki Hostel,Ometepe,Rivas,Nicaragua
664c04bb22a5879a5361eed3,CoHo: Conway Hostel,Conway,New Hampshire,United States
664c3427d6f8e3674e40bc74,OneFam Sants,Barcelona,Barcelona,Spain
664c43a1d6f8e3688840c8db,Numa Boa Hostel,Rio de Janeiro,Rio de Janeiro,Brazil
664c51aaa0400a733b163589,K-Bunk AoNang Center,Ban Ao Nang,Phangnga,Thailand
664c76c51f3e575ac39f8944,Lucky’s Hostel,Pucón,La Araucanía,Chile
664c8cd31f3e575be79f9713,Lost and Found,Zanzibar,Zanzibar West,Tanzania
664ca6dcf3909f6a1227e297,Reviver Hostel,Lagoa Grande do Maranhão,Maranhão,Brazil
664d531e4e256900464e82c0,Brickell Hotel,Lima,Lima,Peru
664d60c41f10c94784270460,Zlife Hostel Zanzibar,Zanzibar,Zanzibar West,Tanzania
664d867fe75a9afd66002b48,Kili house hostel,Nkoaranga,Arusha,Tanzania
664d9e3ba58183033ab30423,Stone Town house,Zanzibar,Zanzibar West,Tanzania
664dd8a030ee841ad8163ed5,Hostel Enjivai & Orphanage,Arusha,Arusha,Tanzania
664dea4b2b0437681dc60ab0,Flying Dog Hostels B&B,Miraflores,Guaviare,Colombia
664e1c2f1c43dabcaa038002,Vanilla Sky Boutique Hostel,Tirana,Tirana District,Albania
664e1fb81c43da60f0038179,Hostal punta el zonte,La Libertad,La Libertad Department,El Salvador
664e31631c43da9c43039a2c,Hostel Q,Podgorica,Podgorica Municipality,Montenegro
664f054d10d2c7575f362856,Sophie House,Moyogalpa,Rivas,Nicaragua
664f26ff10d2c75df2362ff4,Trip'n'Hostel,Tirana,Tirana District,Albania
66500194a2c149e2ba0b9608,Penthouse 1004,San Carlos de Bariloche,Río Negro,Argentina
665016f912dec8b1ff8793d3,La Posada Pinguino,Paracas,Ica,Peru
6650531512dec89be887a3d4,Casa Krisdalia,Moyogalpa,Rivas,Nicaragua
665070e7f12316b884a2e0b6,Marlon's House Puno,Puno,Puno,Peru
66507286f12316c3e3a2e3b0,1900 Backpackers Hostel,Lima,Lima,Peru
66507d105488f8a64d97ea44,Hostel Willys House,Paracas,Ica,Peru
6650ab01818642674f2dee36,Paracas Backpackers House,Paracas,Ica,Peru
6650c1992e5d986c097b69f5,Ancestral hostel,Lima,Lima,Peru
6651661d9f4bc6088fa7b7e1,Marlon's House Nasca,Nazca,Ica,Peru
6651801e1b09e8832a50ebcb,Marlon's House Cusco,Cusco,Cusco,Peru
66519eabeb857d9d5fdbf5d5,Marlon's House Arequipa,Arequipa,Arequipa,Peru
6651a97aeb857d2dcadbf929,Hostal Y Mirador Papasito,Moyogalpa,Rivas,Nicaragua
6651bb3ceb857d3f85dc0034,Hostal Nathaly,Moyogalpa,Rivas,Nicaragua
6651c495eb857d71f0dc042c,Wild Rover Huacachina,Ica,Ica,Peru
6651c6a4eb857d7aaadc051f,Magicpacker Hostel,Cusco,Cusco,Peru
6651d4ff8cd0da6bcf87d307,Saqray Hostel,Cusco,Cusco,Peru
6651ee3a1bb94248f6f70a66,Enede Hostel,Cusco,Cusco,Peru
6651ff81a66d8f35d3610f1e,El Sleepy Mouse,Cusco,Cusco,Peru
66529d7a9a0da2d429947044,BR Hostel,Alvorada de Minas,Minas Gerais,Brazil
6652b830189d315607b92ccf,Flying Dog Hostel Lima,Miraflores,Provincia de Lima,Peru
6652cd4b189d318974b93390,Flying Dog Hostel Iquitos,Iquitos,Loreto,Peru
6652d55a189d31a251b937f4,Flying Dog Hostel Cusco,Cusco,Cusco,Peru
6653eb81307a2a6e7a6ffdf6,Flying Dog Hostel Arequipa,Arequipa,Arequipa,Peru
6653fe4e22310c2c2890fc5e,Sleeptide Hostel,Husum,Schleswig-Holstein,Germany
665409ec5781d2204502c05c,Hostal El Triunfo,Cusco,Cusco,Peru
665430e08587011c140cf0ab,Cinerama Hostel,San Carlos de Bariloche,Río Negro,Argentina
6654428e41212551fffde374,D1 Hostel,Tirana,Tirana District,Albania
66545bed078de8a473cf458e,The Bucket List Hostel,Vagator,Goa,India
6654676e078de8f894cf4d9e,Woods Hostel,Alvorada de Minas,Minas Gerais,Brazil
6654715e53c422395c433eac,Gravitas Hostel,Split,Split-Dalmatia,Croatia
665564243a20cc5244540a2c,Circus Hostel & Hotel Montevideo,Montevideo,Montevideo,Uruguay
665570403a20cc8279540db4,Hostal Casa Bonita Ometepe,Ocotal,Nueva Segovia,Nicaragua
6655809f3a20cce5bb5416b2,Bohemian Hostel,Montevideo,Montevideo,Uruguay
665581403a20cc7348541739,the Village Lodge,Lahar,Madhya Pradesh,India
66558baf78dd7fd7ea9faa21,Casa Vegana,Montevideo,Montevideo,Uruguay
66559cdc2b0aa29e5f3afa7c,Cabañas Privadas Dilany,Moyogalpa,Rivas,Nicaragua
6655ac162b0aa25c593b021a,Ai Hostel,Split,Split-Dalmatia,Croatia
6655e3f9911746db2d216d8e,La Manola Finca Hotel,Doradal,Antioquia,Colombia
6655f88ebd7f74f02302967f,Hotel Med Taganga,Talanga,Francisco Morazán Department,Honduras
66561e94bd7f7480f802d5f7,Hotel Virrey Cartagena,Cartagena de Indias,Bolívar,Colombia
665625e59ab33c69c1a26e98,Oasis Backpackers Palace Hostel,Sevilla,Sevilla,Spain
665630fa02a7ccc7d6695bfa,Oasis Backpackers Hostel Sevilla & Coworking,Sevilla,Sevilla,Spain
66563de9381fdd63a40282c1,Il Cortile Pompei B&B,Pompei,Campania,Italy
6656490087cee9c9401962ee,Hotel Playa Divina,Coveñas,Sucre,Colombia
6656b78abddbf5120a21a554,Shoki Shoki Hostel,Zanzibar,Zanzibar West,Tanzania
6656c6292b4a4206c2a1480d,Belo Hostel,Belo Horizonte,Minas Gerais,Brazil
6656d3562b4a422222a14c4f,Hostel Charruas,Montevideo,Montevideo,Uruguay
6656d9c079ea4079188a7abd,Casa Esmeralda,Moyogalpa,Rivas,Nicaragua
6656de2479ea40c4c48a7d63,Montevideo Hostel,Montevideo,Montevideo,Uruguay
6656e02179ea4064a68a7ee7,Wake Up Hostel,La Paz,La Paz Department,Bolivia
6656e83e79ea40a8578a820c,MedioMundo Hostel,Montevideo,Montevideo,Uruguay
6656f12cedc695233e5bc2b7,The Adventure Brew Hostel,La Paz,La Paz Department,Bolivia
66572289746a1722ed78bb91,No Fear Hostel,La Paz,La Paz Department,Bolivia
665743564ac6531f78bd4818,Youki Haus Hostel,Montevideo,Montevideo,Uruguay
66575cc14d65bf54d61ea21b,Hotel Balcones del Estadio,Medellín,Antioquia,Colombia
6657607f4d65bf5ce21ea521,Shkodra Hostel,Shkodër,Shkodër District,Albania
66579837a3307e41501fd2e0,Hotel Colores Boutique,Medellín,Antioquia,Colombia
6657c5e400161e33c4a024e7,Luxury desert camp,Muscat,Muscat,Oman
6657e5e10052be834926b127,Boatique Hotel and Marina, SA,Río Chiquito,Cortés Department,Honduras
6657fa7d0052be287d26b555,Old Town Hostel,Split,Split-Dalmatia,Croatia
665809c65ad5391f2cc83684,Outlanders Tribe Hostel,Split,Split-Dalmatia,Croatia
665819f0065f176623a7a758,Hostal Canoa,La Paz,La Paz Department,Bolivia
665834c8c6a63576fd29da79,Hostel Split It,Split,Split-Dalmatia,Croatia
66584858c6a635792429df52,Casa de huespedes La Casa Bonita,La Paz,La Paz Department,Bolivia
66585a04c6a6359e6229e61a,É Hostel,Alvorada de Minas,Minas Gerais,Brazil
66588f6cf6aa6f470be6a9d5,Hotel Caribe Coveñas,Coveñas,Sucre,Colombia
665898eaf6aa6f6f6be6c1c3,Hotel Caribe Plaza Barranquilla,Barranquilla,Atlántico,Colombia
6658c4f5acc33c796401ebcd,Young Monk Hostel Dharamkot,Dharamsala,Himachal Pradesh,India
6659553aad9850b29d3d2fa9,Uai Hostel,Alvorada de Minas,Minas Gerais,Brazil
665981099c59082e412f21e3,Downtown Hotel,La Paz,La Paz Department,Bolivia
6659a0704cca70d8f104c34d,NW Portland Hostel,Portland,Oregon,United States
6659d59eb59624e9a8cb4af7,Da Orla Pampulha Hostel,São Paulo,São Paulo,Brazil
6659e1c04584ff146bb9ec97,Our Way Hostel,Shkodër,Shkodër District,Albania
665a200117661dce45e18771,Hotel Villa Real,Medellín,Antioquia,Colombia
665a755672c0016aece059fc,El Prado Capsule Hostel,La Paz,La Paz Department,Bolivia
665a8b0a81ada4aaeabba6f3,Bed Station Hostel & Bar,Shkodër,Shkodër District,Albania
665a958a81ada48194bbad4e,Traveler Hostel,Shkodër,Shkodër District,Albania
665aae7c2bde334847cf359b,Greenhouse Bolivia,La Paz,La Paz Department,Bolivia
665ac0281e9cd070298a06ae,The Wanderers,Shkodër,Shkodër District,Albania
665bffcd5258104a5fb400a4,Hostel Magico San Blass,Cusco,Cusco,Peru
665c0795f44a0e9d6495e035,Kusiy Qosqo,Cusco,Cusco,Peru
665c0cb127d007d19bbc303e,Hostal Los Abuelos,Moyogalpa,Rivas,Nicaragua
665c171827d0077b1bbc3434,Nao Victoria,Cusco,Cusco,Peru
665c58c0051e9ec88be9519a,OneFam Sungate,Centro,Comunidad de Madrid,Spain
665d274fa9715082ef66a9af,Kultura Hostel,Shkodër,Shkodër District,Albania
665d3bd001e68a37ebe6d384,Nuh Hostel,Alvorada de Minas,Minas Gerais,Brazil
665d8b0108096b81b53e2d07,Skyline Hotel,La Paz,La Paz Department,Bolivia
665da399997e3151669ab3ce,Green Garden Hostel,Shkodër,Shkodër District,Albania
665e2d17fbf4146c9ee48cd0,KASBAH RED CASTEL HOSTEL,Marrakesh,Safi,Morocco
665ee3f4e6664e3d75066fb0,Guanaaní Hostel,Santa Maria do Salto,Minas Gerais,Brazil
665ef4f01113cc54acce9279,Onça da Praia,Santa Maria do Salto,Minas Gerais,Brazil
665f13724403bb601a126904,Toca Da Mona Hostel,Santa Maria do Salto,Minas Gerais,Brazil
665f2180886c8d004a8d31d9,Tias Hostel,Shkodër,Shkodër District,Albania
665ff8e34b40435e9b703c74,Mi Casa Es Tu Casa,Shkodër,Shkodër District,Albania
666033628073ad9e59f8c69a,Hostel Da Floresta,Santa Maria do Salto,Minas Gerais,Brazil
66613003964a10cbc4f1ed80,Aurora Rio Hostel,Rio de Janeiro,Rio de Janeiro,Brazil
666148a8964a10fa81f1f230,Sina Hostel,Tirana,Tirana District,Albania
666162c58cffb376df79e6fc,Royal Hostel,Tirana,Tirana District,Albania
66617bc49a568c421d66f3d7,Art Hostel Casa Chaman,Valparaíso,Valparaíso,Chile
666192341607bb641fd12a95,Ginger Aparthostel,Kraków,Lesser Poland Voivodeship,Poland
6662747e05b0da74722b9d72,Lilla Brunn,Östermalm,Stockholm County,Sweden
666291ddda7b690c94d7b553,Samay Wasi,Cusco,Cusco,Peru
6662a1774b3199ff135f7baf,Villa Oropeza Hostel,Sucre,Chuquisaca Department,Bolivia
6662bad74b3199bf5c5f8632,TAYWA Hotel,Aguas Verdes,Tumbes,Peru
6662ceec365cac39153ae963,Backpacker La Bo'M,Cusco,Cusco,Peru
6662ebe2e1257c688ec9676e,Hospedaje San Pedro II,Cusco,Cusco,Peru
6664586f02c17cf2c0c2f956,Kultur Berlin,Sucre,Chuquisaca Department,Bolivia
66647965e17108a7846464b5,Iskay Boutique Hostel,La Paz,La Paz Department,Bolivia
6664878be17108377f646c17,Express Hotel,La Paz,La Paz Department,Bolivia
66651b09984a7e59842e84e6,Colors House Hostel,Sucre,Chuquisaca Department,Bolivia
66652c03984a7ee7ca2e88d0,Casarte Takubamba,Sucre,Chuquisaca Department,Bolivia
66654ecb984a7e192b2e8e78,Appart ’Hôtel Buisses,Lille,Hauts-de-France,France
6665602653589d7bd2a005bc,Dragonfly Guest House,Sucre,Chuquisaca Department,Bolivia
666583fc24e738f8eae2f46d,Hostal La Posada de La Abuela,La Paz,La Paz Department,Bolivia
6666d24d0600159a3338b883,Safestay Calpe Seafront,Calp,Alicante,Spain
666705d5060015789e38e756,Mambembe Hostel,Rio de Janeiro,Rio de Janeiro,Brazil
6667bd129e6fbd1f7f89c82d,Buena Vista Hostel,Alvorada de Minas,Minas Gerais,Brazil
6667d569367bf71c62e2051f,Cusco Packers Hostels,Cusco,Cusco,Peru
6667f815a491d79c17863f64,Hostal El Grial,Cusco,Cusco,Peru
66683c7eaaf1fc676f18e26f,Guanako Hostel,Providencia,Región Metropolitana de Santiago,Chile
666842b1279af509ec9b7156,Bunk Chamber - Mukteshwar,Mukteshwar,Uttar Pradesh,India
6668496d279af54d039b78c0,Firouzeh Heritage Hostel,Kursk,Kursk Oblast,Russia
666876b2a17bca0e59a4406c,Hostal Huacachina Sunset,Ica,Ica,Peru
66691fe38a1a2b8d17c1eae0,É Hostel - Guesthouse,Alvorada de Minas,Minas Gerais,Brazil
6669d581605a5a5951f0a8e8,Hostel Casa de Huespedes Montanas,La Paz,La Paz Department,Bolivia
6669f946605a5ae383f0defc,Like quijote hostel,San Carlos de Bariloche,Río Negro,Argentina
666aa0ba10573c29c33a853a,Debod Hostel,Madrid,Madrid,Spain
666ac0374a49475ffb0b3bab,Leo´s Clan Beach Hostel,Rio de Janeiro,Rio de Janeiro,Brazil
666acc1c4a49472e430b4268,Kaaro House Cusco,Cusco,Cusco,Peru
666ad6184a494782740b4660,Original Surf Morocco,Agadir,Assa-Zag (EH-partial),Morocco
666b7686963c3c538eb99bf2,chiwash place taghazout,Taghazout,Assa-Zag (EH-partial),Morocco
666befea94027d56507bfa19,Wally´s House Hostel,Alvorada de Minas,Minas Gerais,Brazil
666c21f699223b6e941edf7e,Travelers - Dubai Marina Hostel,Dubai,Dubai,United Arab Emirates
666c2d6688e8870e85e64ae1,Rovers Beach Hostel JBR,Dubai,Dubai,United Arab Emirates
666c4af54e632409170b62c4,Modular Rooms Hostel,Madrid,Madrid,Spain
666d47c291c4a19049dd8aae,Modular Suites Alfonso Gómez,Madrid,Madrid,Spain
666f098a94d559da96688afe,Alphatel Beach Hostel JBR,Dubai,Dubai,United Arab Emirates
666fd6be38bcee30081e0894,Casa Ecotrips Hostel,São Paulo,São Paulo,Brazil
66701132dcf2dc0857c3ca58,Madá Hostel,São Paulo,São Paulo,Brazil
6670372f151ed02d4190e9ed,Morada Hostel,São Paulo,São Paulo,Brazil
6670490ac20dde7a3e63fbc7,Reserva 69 Hostel,São Paulo,São Paulo,Brazil
667063bf51f29acadcc63517,H2O Hostel,Ljubljana,Ljubljana City Municipality,Slovenia
6671116ac73d1641276e66cb,Rusticidade,São Paulo,São Paulo,Brazil
66713f0f3e70b09a82f08241,Hostel Uma,Mendoza,Mendoza,Argentina
667151303e70b0187df09e52,Dale hostel,Mendoza,Mendoza,Argentina
66715b3172177accf65984b9,Vi&Vi Hostel,Mendoza,Mendoza,Argentina
667166a472177a18ec599456,Lao Hostel,Mendoza,Mendoza,Argentina
66727f17519dacd74f6e7fe4,Hostel de los Artistas,AQO,Mendoza,Argentina
66728491519dac72546e8e53,Fuxia House Hostel,Mendoza,Mendoza,Argentina
66728e99b7992507bee9b1a0,Mora Hostel,Mendoza,Mendoza,Argentina
6672b5f13291c54387e58acb,Hostel Fuxia Jungle,Departamento de Luján,Mendoza,Argentina
6672db4104bed9b41b31290a,Black Sheep Intenational Hostel,Mendoza,Mendoza,Argentina
6672ded886e20e60c6a8d740,Lyon House Hostel,Mendoza,Mendoza,Argentina
6672ecc8efc041f49b4ca276,Hostal Casa Roble,Mendoza,Mendoza,Argentina
6672eda6efc041f8174ca316,Hostel Campo Base,Mendoza,Mendoza,Argentina
6673b99aab82052ec4f46535,Gaia Hostel,Rio de Janeiro,Rio de Janeiro,Brazil
66740fb2bca35bb758aa8e78,Vila Rock Hostel,São Paulo,São Paulo,Brazil
667423170812fe60d68591eb,Surf Bliss Tamraght,Aourir,Assa-Zag (EH-partial),Morocco
66748ebc2c2521eab1c62ec1,RED CARPET SURF CAMP,Tamraght,Assa-Zag (EH-partial),Morocco
6674b1882c252103b5c6712f,Family Hostel Minca,Magdalena,Intibucá Department,Honduras
6674c6ae2c25215dcdc697fe,Hostel Kuyuk,Mendoza,Mendoza,Argentina
667643a6a72cf97676858647,Sable Beach Surf Camp Taghazout,Taghazout,Assa-Zag (EH-partial),Morocco
667652a3a72cf9cbe785a3e8,Hostel Sin Fin,Mendoza,Mendoza,Argentina
6676768445ad00968688f901,Chill inn,Mendoza,Mendoza,Argentina
6677bb4bcc14d259df47f40e,Hannas Hostel,Berat,Berat District,Albania
6677c61acc14d240054803f7,Dar Sanae Surf,Aourir,Assa-Zag (EH-partial),Morocco
6677d8c25c8f472eb6685ad1,Viajero Montevideo Hostel,Montevideo,Montevideo,Uruguay
667818137fa07c36a31c1f0a,The Galley Party Hostel,Shkodër,Shkodër District,Albania
6678225f7fa07c376d1c2e43,Ok Hostel Madrid,Madrid,Madrid,Spain
66782d8c172f8a6a0f62f1b2,Trigona Hostel,Gjirokastër,Gjirokastër District,Albania
6678deaa6d590e0b8e607c2c,Coach Hostel,São Paulo,São Paulo,Brazil
6678fe2ab05a8a8133b3688f,Hostel Otro Mundo,Departamento de Guaymallén,Mendoza,Argentina
6679473afcfdfb62b9ca1a08,The House In The Village,Krrabë,Tirana District,Albania
66797905a6cf6dd2ff9137d3,531 Hostel,Córdoba,Córdoba,Argentina
6679890af18d5658adfef55c,Kanonia Hostel & Apartments,Śródmieście,Masovian Voivodeship,Poland
667a033b77cd656b12e85ee0,The Delight Hostel,Lisbon,Lisbon,Portugal
667a336d599b3a151bd8e988,Hostel Central,Mendoza,Mendoza,Argentina
667a6fb443d32b7de8632fe5,Pucara’s Hostel,Cusco,Cusco,Peru
667a869234bf8d834c245500,Hostel Home,São Paulo,São Paulo,Brazil
667a98c01f8b972ce149e66b,Rufinos guest house,Mendoza,Mendoza,Argentina
667ac0aedc66373194cdefb0,Usgar San Pedro Boutique,Cusco,Cusco,Peru
667b97195105c5cf6b58c6f4,Qori Cusco Inn Hostal,Cusco,Cusco,Peru
667bbad1860ee2226d089b0e,Casa Tunki,Cusco,Cusco,Peru
667bd4166e3151ec2ad680d4,OkiDoki Cusco Hostal,Cusco,Cusco,Peru
667c1e647bd6656c518d8951,Pousada Hostel Trilhas e Rotas,São Paulo,São Paulo,Brazil
667c401cde10195cb368bdfa,Pilo Lyon,Lyon,Auvergne-Rhône-Alpes,France
667e2cdd98d4a8ed64775b8d,Aldea Hostel,Córdoba,Córdoba,Argentina
667e36b7deda6694fa8b46d1,Go Hostel,Córdoba,Córdoba,Argentina
667e3fde4d7aa37ea288660b,Hostal Imperial Backpackers,Cusco,Cusco,Peru
667e48354d7aa36f9d886f23,Hostel Spa Mediterranean,Córdoba,Córdoba,Argentina
667e4ed967caab2d034afdd8,Hostel Alvear,Córdoba,Córdoba,Argentina
667e870da9d42319982234df,Hostel Cordobés,General Roca,Río Negro,Argentina
667e8d8ca9d4230cfe224467,Hostel Joven Casa Reggae,Córdoba,Córdoba,Argentina
667f70aecb5c1c9b037214e7,Paddingtom House Cusco,Cusco,Cusco,Peru
667f8e7858c6bf3dfa8a108a,Hostel Rupestre,Córdoba,Córdoba,Argentina
667f94fc14e3b041c9b0ad06,Lacandona Hostel,Córdoba,Córdoba,Argentina
667f9a09635485399ce9ba24,Why Not Guemes,Córdoba,Córdoba,Argentina
667fe1a5bae79f277207ed7e,Hostal Naylamp,Huanchaco,La Libertad,Peru
66800300bae79f4391084923,Usgar Machu Picchu Boutique,Aguas Verdes,Tumbes,Peru
668022ea9406d63a18259f57,Terra House,Cusco,Cusco,Peru
6680d4d8122d48267a65a229,Chez Zany Copacabana,Rio de Janeiro,Rio de Janeiro,Brazil
6680fb5297bca548ef438b39,Estancia San Pedro Hotel,Cusco,Cusco,Peru
668109d897bca543c843b594,Che Playa Hostel & Bar,Playa del Carmen,Quintana Roo,Mexico
66811afbcb3aefbdc27a06fb,Le House Hostel,Rio de Janeiro,Rio de Janeiro,Brazil
66813025ecad676cbe97ea5b,Mayu Boutique Hotel,Cusco,Cusco,Peru
6681333ed957692db3970262,Hostel Liberdade,São Paulo,São Paulo,Brazil
668150483a737cee182f10ab,Hotel Boutique Gold Garden,Cusco,Cusco,Peru
668163e0d2b5a7383f484741,Quintal Hostel & Bar,São Paulo,São Paulo,Brazil
6681746e81e098526f9f69d2,Chez Zany Santa Teresa,Rio de Janeiro,Rio de Janeiro,Brazil
668282b6a1e7ef14d1eef7ea,America del sur Hostel Buenos Aires,Buenos Aires,Buenos Aires,Argentina
6682a55ceb76fa06ad5620e9,Bill&Bill Hostel,Buenos Aires,Buenos Aires,Argentina
6682bd72ed29e1671a77e829,Casa Hostel,San Telmo,Ciudad Autónoma de Buenos Aires,Argentina
6682fbf1a87cdf115a230d48,Socco Hostel,Tangier,Tanger-Tétouan-Al Hoceïma,Morocco
66837e2d7c84d876e9eecbaf,Lamparina Hostel,São Paulo,São Paulo,Brazil
66839345c9d0306527cbd395,Welcome Sp Hostel Congonhas,São Paulo,São Paulo,Brazil
66839951c9d0303da7cbe726,Mons Hostel,Buenos Aires,Buenos Aires,Argentina
66839f35442a763957919f79,Vlora Backpackers Hostel & Bar,Vlorë,Vlorë County,Albania
6683c915fa70531605c2042a,Parla Hostel,Buenos Aires,Buenos Aires,Argentina
6683df857ba193723d80a80f,Central Boutique Hostel,Sarandë,Vlorë County,Albania
6683e89f7ba1930ef080bb80,Paradiso Hostel,São Paulo,São Paulo,Brazil
6683fbf7c6726e873c8d39f6,San Telmo Hostel,Buenos Aires,Buenos Aires,Argentina
66840245038c4a16f0aa4c3a,Home,Krutaya Gorka,Omsk Oblast,Russia
6684dd8269efd0af3011b516,Saranda Backpackers Hostel,Sarandë,Vlorë County,Albania
6684f7c02931093cc8e67a9a,Rio World Connection Hostel,Rio de Janeiro,Rio de Janeiro,Brazil
66854798b57fe799eca639b5,Ideal Social Hostel,Buenos Aires,Buenos Aires,Argentina
6685556882074a82991ef27c,El Misti Hostel Ipanema,Rio de Janeiro,Rio de Janeiro,Brazil
6685728ab4e7363365cf3077,Oasis Hostel,Himarë,Vlorë County,Albania
66861fa342fa7102d09d7c92,Hostel K13,Sarandë,Vlorë County,Albania
66863b91b1be5ccdfc569367,Tombo Beach Hostel,São Paulo,São Paulo,Brazil
66864a4599185b3d808592ed,Guaruja Hostel,São Paulo,São Paulo,Brazil
6686a04cb10f6484dbd9b10f,CabanaCopa Hostel,Rio de Janeiro,Rio de Janeiro,Brazil
6686f0b3987d6aec5bfd2d7f,Sangha Urbana - hostel, yoga & meditação,Rio de Janeiro,Rio de Janeiro,Brazil
668783f4b6b5b67c995ff1bc,Hostelmo,Buenos Aires,Buenos Aires,Argentina
66879e423aed117586f0e974,Hospedaje Inti,Pisac,Cusco,Peru
6687d90cd162140bd229bfe2,Gaia House Hostel,Cusco,Cusco,Peru
6687ee965bcb049bfe3c67b7,Joske Hostel,Arequipa,Arequipa,Peru
6687f39d5bcb04aec93c6bed,Hospedaje Rocha,Ica,Ica,Peru
668817e3ec9b9fb352055909,Le Foyer Hostel,Arequipa,Arequipa,Peru
6688d9ad1f8d7b8d2697797b,Casa de Oren,Pisac,Cusco,Peru
6688df5ed57a5c0402a4a3ed,The Bear Packer,Cusco,Cusco,Peru
6688f8ad1d55e4cd204ccc97,La Casa de Margott,Arequipa,Arequipa,Peru
66890f9b36fd2d2c603221f4,Las Torres de Ugarte,Arequipa,Arequipa,Peru
66896003ad345fe28510035e,Pisac Inca House,Pisac,Cusco,Peru
6689ec52879cbafdb943f47f,Hotel Sideral,Arequipa,Arequipa,Peru
668a2c177c9a4f7dd194611d,Link Cordoba Hostel,Córdoba,Córdoba,Argentina
668a3fa22149926604f9d769,Samana Wasi,Pisac,Cusco,Peru
668a54859ccc5c2a11d4aacc,Colores Hotel Apu-Linli,Pisac,Cusco,Peru
668c121c8341683273a0ba13,Hostal Maranatha,Santa Marta,Magdalena,Colombia
668c9af76b54c01782e81563,Alma de Maré Hostel,Guarujá,São Paulo,Brazil
668cc90e25f5b92ed81348ad,Dar Ahl Tadla,Fès al Bali,Fès-Meknès,Morocco
668d120a875adf02d5e01f48,Casa Jambo Hostel Women Only,Guarujá,São Paulo,Brazil
668d1d2d65d78e5fd59c6b38,Hostel 4 Elementos,Guaruja,São Paulo,Brazil
668d5d2c18feb13ad9eb71ae,Midori Hotel,Cusco,Cuzco,Peru
668e016dec295d5bf794a74c,Hostal Travelers Santiago,Las Tablas,Los Santos Province,Panama
668e2b906456ff448d2343c9,Pousada Casa da Pedra Buzios,Armação dos Búzios,Rio de Janeiro,Brazil
668e3dd81f5bc51fd34f7d28,Pousada Casa da Praia Buzios,Armação dos Búzios,Rio de Janeiro,Brazil
668e9bddfd7d623cc0d2b428,Pousada Saint Germain,Armação dos Búzios,Rio de Janeiro,Brazil
668eaaccf143b63dd69748ed,Verde Hostel Ilhabela,São Paulo,São Paulo,Brazil
668f52da2c5e70d030c309af,Pousada Encanto Do Amor Búzios,Armação dos Búzios,Rio de Janeiro,Brazil
668f71c9753bb25883447e2b,Hostel Aline,Chefchaouene,Tanger-Tétouan-Al Hoceïma,Morocco
668f9bf05a92321454130168,Natural do Rio Guesthouse,Rio de Janeiro,Rio de Janeiro,Brazil
668fa834457be178a3f0246e,Hostal La Casa De Juan,Distrito de Antón,Coclé Province,Panama
668fc0b30f4379b0202deccc,Hotel Casa Fierro Cusco,Cusco,Cusco,Peru
66902ffb0f1d5416f6e1e18c,Hostal & Camping Sin Fronteras,Mendoza,Mendoza,Argentina
66908ca07f804c3441c9b68b,Pousada Marina Vips,Armação dos Búzios,Rio de Janeiro,Brazil
6690cb8befbd862bd5a225f3,PH Palermo Hostel,Buenos Aires,Buenos Aires,Argentina
6690f1071b9715f0f3164333,Pousada Encanto Torrely,Armação dos Búzios,Rio de Janeiro,Brazil
66916c6c083f6dd5c3480329,Hostel Tango Argentino,Buenos Aires,Buenos Aires,Argentina
66949e9322f4ac19bc25295b,Pequi Hostel,Florianópolis,Santa Catarina,Brazil
66979452769d82f0684dd2f3,Discovery Hostel,Rio de Janeiro,Rio de Janeiro,Brazil
669797ff34595efb33ba96dc,Hostel Jardim da Saúde,São Paulo,São Paulo,Brazil
6697ae4ac0d03aeb3a7cfaa2,Hostel Lobo Inn Búzios,Armação dos Búzios,Rio de Janeiro,Brazil
6697cc39d3fbc17045168bd2,Rota BH,Belo Horizonte,Minas Gerais,Brazil
6697dfa516b37791488a4ee8,Hostel Estoril,Buenos Aires,Buenos Aires,Argentina
6697e9cd16b3773e898a678f,Hostel Dragão do Mar,Fortaleza,Ceará,Brazil
66986eb6ccab3c20266bdb46,Gaslamp Hostel,San Diego,California,United States
669895d59a36e235506a1cf1,Viajero Bogota Hostel & Spa,Bogotá,Bogotá D.C.,Colombia
6698af9dd0e0fe3f8bc370b7,Viajero CDMX-Centro Hostel,Ciudad de México,Ciudad de México,Mexico
6698cdb6eb5a8b4f1b44861c,Kokopelli Cusco Hostel,Cusco,Cusco,Peru
66991acc2b905c0217f70349,Hamtramck Hostel,Hamtramck,Michigan,United States
669926cf25aa32f6beab0f1c,Spazio hostel & break,Capitán Bermúdez,Santa Fe,Argentina
669952f29055b4d2936fa29a,Mi casita by Los Chocoyos,Mérida,Rivas,Nicaragua
669aafa74d4eab090d1f01d7,Holidays Hostel Arequipa,Arequipa,Arequipa,Peru
669b4db6a1b642a535795c4c,Soul Lounge,São Luís,Maranhão,Brazil
669b4e62a1b6424dff795d53,Arequipay Hostel,Arequipa,Arequipa,Peru
669b53269f21913d12b0fe06,Salve Maloca Hostel,Fortaleza,Ceará,Brazil
669b64cba3b64553df4686ef,Friendly AQP,Arequipa,Arequipa,Peru
669b6721c5706818f07b3ebc,Insta Hostel Floripa,Florianópolis,Santa Catarina,Brazil
669b756ab3be897cc9f6a562,Hostal Virreinal AQP,Arequipa,Arequipa,Peru
669b77e4b3be893c1cf6b687,Hostel Farol da Barra,Florianópolis,Santa Catarina,Brazil
669b8ad41dd22376dac81f07,Floriarte Guest House,Florianópolis,Santa Catarina,Brazil
669b8beb1dd223b167c823bb,Hostel Fuentes,Arequipa,Arequipa,Peru
669b90241dd2232644c82cb6,Hostel Berghaus,Florianópolis,Santa Catarina,Brazil
669bb333dd6a6dad27eac2bf,Econunay,Arequipa,Arequipa,Peru
669bbb21a4d3ba7c58f9c030,El Balcón Hostal Turístico,Arequipa,Arequipa,Peru
669bc29fa4d3ba235ef9d652,Sunflower Hostel,Salvador,Bahia,Brazil
669be3c184a44d4eac2197ec,Sol Andina Hostel Inn,Puno,Puno,Peru
669bef1684a44d37c021bda3,Sillustani Hostel Puno,Puno,Puno,Peru
669c88147a05e24387559be4,Lirium Hostel,Arequipa,Arequipa,Peru
669c97fb006860bb79b4f0c8,Peter's House,Arequipa,Arequipa,Peru
669cd402dd533d61e205c473,Sea Wolf Hostel,Florianópolis,Santa Catarina,Brazil
669cd6c5dd533d165505d913,Hostal Samakuy AQP,Arequipa,Arequipa,Peru
669cdf84557c1f225abadb3f,Sea Wolf Surf Hostel,Florianópolis,Santa Catarina,Brazil
669ceb806e49cf5d237104a6,Hostel Ani & Haakien,Rotterdam,South Holland,Netherlands
669e25d7ac09fd30db5aaf0c,The MadHouse Prague,Prague,Praha, Hlavní město,Czech Republic
669e4255021aee1a17a3a3af,Road House,Prague,Praha, Hlavní město,Czech Republic
669e6eaa48f7fbfb6e1e8f7f,Tamboleiros Hotel & Hostel,Salvador,Bahia,Brazil
669f28e8da0e74bd457df9d8,Dar Imoughlad Gite,Marrakesh,Safi,Morocco
669ff3332790423d1229e26c,Lemon Tree Hostel,Antigua Guatemala,Sacatepéquez Department,Guatemala
66a0d58d108a8a61f26e5b59,Croparadise Hostel,Split,Sint Eustatius,Bonaire, Sint Eustatius and Saba
66a16e547724257f8f093cb2,Hostel Cápsula Refugio Oeste,San Carlos de Bariloche,Río Negro,Argentina
66a1dde9bc5ffa45f1919c02,Torre Bahia,Salvador,Bahia,Brazil
66a2248aa2f95733a1b06f6e,Hostel Recanto da Sereia,Salvador,Bahia,Brazil
66a361539c690c1f443aa2be,Dar Houdou,Fès al Bali,Fès-Meknès,Morocco
66a39df9e0623e869d9a2570,Hostel do Rasta,Salvador,Bahia,Brazil
66a3c0b41a86de77fe7501f1,Nômades Beach,Florianópolis,Santa Catarina,Brazil
66a3cdc21a86de38ce75509b,Hostal Familiar Carmencita,Panama City,Panamá Province,Panama
66a3d0cae459b23d056e000b,Nômades Vibe da Ilha,Florianópolis,Santa Catarina,Brazil
66a5267871d6006abfd48ce9,Nômades: Riverside | Adventure Hostels & Coworking,Florianópolis,Santa Catarina,Brazil
66a573de3597ebed2a517315,Sin City Hostel,Las Vegas,Nevada,United States
66a58f3f62078a549bafdc8a,Yes Please! Hostel Antigua Guatemala,Antigua Guatemala,Sacatepéquez Department,Guatemala
66a7f880aed778355de36a3e,Hostel Seven Hills - Lisboa,Lisboa,Granada,Portugal
66a8eff3c699051e1c13b9f3,Iguassu Eco Hostel - O Hostel Mais Proximo das Cataratas,Foz do Iguaçu,Paraná,Brazil
66a97496a9f3500431b74463,Hostal Portobelo,Portobelo,Colón Province,Panama
66a9a92979e33ac9a6821fee,GB Hostel Ig,Puerto Iguazú,Misiones,Argentina
66a9cda4fbd4bf26c57d8532,Pousada Nanai,Foz do Iguaçu,Paraná,Brazil
66aa4f8ef32775720a649010,The Rooftop Bolivia,La Paz,La Paz Department,Bolivia
66aa8d5c9e3cf942fcbeb870,Selina Cancun Laguna Hotel Zone,Cancún,Quintana Roo,Mexico
66aaaaeb7fc1d8631de8d530,Los muertos hostal,Puerto Vallarta,Jalisco,Mexico
66ababb48831503bca3ee092,Submarino Hostel,Florianópolis,Santa Catarina,Brazil
66ac351dc82ab6897d193f13,Sol Acatama Hostel,San Pedro de Atacama,Antofagasta,Chile
66ac4ca578a68930ed4bc651,Puna Hostel,San Pedro de Atacama,Antofagasta,Chile
66ac5b7178a6891e694bcff0,Lalck Cketi Hospedaje y Turismo,San Pedro de Atacama,Antofagasta,Chile
66acc4f3222f5f722cb0b9c8,Hostal Sonchek,San Pedro de Atacama,Antofagasta,Chile
66adb1f94fa63b440ec23e44,Backpackers San Pedro Hostel,San Pedro de Atacama,Antofagasta,Chile
66adc17a848358a13cf780c6,Hostal Campo Base,Antofagasta,Antofagasta,Chile
66adfbe3d8720fb18e30e5bc,Hostal Possada Acatameña,San Pedro de Atacama,Antofagasta,Chile
66ae0acdd8720fda0d30f13a,Tiny Hostel,San Pedro de Atacama,Antofagasta,Chile
66ae3bdfe771295a69562536,Pirca Hostal,San Pedro de Atacama,Antofagasta,Chile
66ae5b75ecfb51a88e6e1d01,Hostal San Pedro,San Pedro de Atacama,Antofagasta,Chile
66ae66c3c91d2c42266bac10,Hostal Qachi Chentura,San Pedro de Atacama,Antofagasta,Chile
66af6009449ce15d1b1fefae,Misky Wasi,San Pedro de Atacama,Antofagasta,Chile
66af7e81da3b3842e1b59a89,La Paskana de Elvira,San Pedro de Atacama,Antofagasta,Chile
66af8e4312745115d9e1dbeb,Hostal Tulvak Atacama,San Pedro de Atacama,Antofagasta,Chile
66af9558127451370be1e258,Hostal Pablito,San Pedro de Atacama,Antofagasta,Chile
66afa14d1274513eb1e2125e,Hostal Kirckir,San Pedro de Atacama,Antofagasta,Chile
66b030461e9806680415b891,Hostal Nuevo Sol y Viento,San Pedro de Atacama,Antofagasta,Chile
66b1890b115e482c24f12c68,Tucan Hostel,Puerto Iguazú,Misiones,Argentina
66b1a4eb115e48b87bf15a05,Hostel Damaris,Puerto Iguazú,Misiones,Argentina
66b1b9220d63ce5b089ba6eb,Colibri Hostel,Puerto Iguazú,Misiones,Argentina
66b4c7432b9766cf4247a351,THE BEST HOTEL MUMBAI,Mumbai Suburban,Maharashtra,India
66b5ed38760e71e2e28251be,Hotel Ikon,San Francisco,California,United States
66b5ee01760e71e2e282535a,Center House Hostel,Pristina,Pristina (Priştine),Kosovo
66babd305fb21b9f87ccfeda,Illari Hostal,San Pedro de Atacama,Antofagasta,Chile
66bac75e5fb21b43facd0386,Hostal Río Amazonas,Santiago,Región Metropolitana de Santiago,Chile
66bb0b3d1f3d2283ab9ccb35,Hostal Belén,San Pedro de Atacama,Antofagasta,Chile
66bb1ea11f3d2227cc9cd6fb,Hostal Providencia,Santiago,Región Metropolitana de Santiago,Chile
66bb82547709aa783a59e023,Hostal Mamatierra,San Pedro de Atacama,Antofagasta,Chile
66bc2b87fa1b11880c8c83ad,BB Casita,Santiago,Región Metropolitana de Santiago,Chile
66bcca7f492aa383adbb9a9b,Casa del Pozo Boutique Hostel,Cartagena de Indias,Bolívar,Colombia
66bd3af022e07a563459f532,Rincon Volcano Trail,Bagaces,Guanacaste Province,Costa Rica
66bd3afb22e07a56db59f59e,Billie’s Backpackers Hostel,Fairbanks,Alaska,United States
66bd7e5d8ae93f80bd21b04a,Hostel Dubrovnik Budget Accomodation,Dubrovnik,Dubrovačko-neretvanska županija,Croatia
66bdfc307357a43fd5437064,Pop House Hostel,Montañita,Santa Elena,Ecuador
66be25824110a4d5df333512,Divina Hostel,Tiranë,Qarku i Tiranës,Albania
66becc0907c2cb98bbf5353a,Hostal Barrio Paraiso,Valparaíso,Valparaíso,Chile
66bed8b51b8b652e92d7103d,Columba Hostel,Viña del Mar,Valparaíso,Chile
66c021875248664a534f3332,Maki Hostels,Valparaíso,Valparaíso,Chile
66c047285be94e71b38d46e5,La Galeria B&B Valparaíso,Valparaíso,Valparaíso,Chile
66c097c890e411073c1e7a12,Hostal Residencia Blest Gana,Viña del Mar,Valparaíso,Chile
66c0bbfd336254074da69c79,Hostal Destino Bellavista,Valparaíso,Valparaíso,Chile
66c0c632e9cf52a04b47a2b3,Hostal Casamar Viña,,Valparaíso,Chile
66c2964b081e2d97b47447d9,Rivoli Cinema Hostel,Porto,Porto,Portugal
66c2ac7c9a39981cd304529e,Baruna Eco Hostel,Cartagena de Indias,Bolívar,Colombia
66c2c736caea927328310b05,Mundo Nuevo Eco Lodge Minca,Minca,Magdalena,Colombia
66c312b9ea01cb113e06ceb7,Hostal Catalleya,Cartagena de Indias,Bolívar,Colombia
66c31b58b4b1e7b4b79fd2ac,Hostel Cicada,Split,Split-Dalmatia,Croatia
66c32ecdd32624fdb42c0f80,City Hotel Rembrandt Square Amsterdam,Amsterdam,North Holland,Netherlands
66c4c4d5f7b4ad78e3b52fd3,Moon Hostel,null,Pristina (Priştine),Kosovo
66c66d03cb7cf82a5740577d,Hostal Cousiño,Valparaíso,Valparaíso,Chile
66c7c3a8b64e46458f234952,Prabhu's Place Ooty,Ooty,Tamil Nadu,India
66c880aad6900d25efe5d8bb,Pachamama Hostel,Cartagena de Indias,Bolívar,Colombia
66c88c48d6900def81e5edb0,Youth Club Lina,Dubrovnik,Dubrovačko-neretvanska županija,Croatia
66c88f11d6900d1df0e5f211,Origami Porto Residência,Porto,Porto,Portugal
66c894afd6900d8b12e5fd28,Urban Garden Porto Central Hostel,Porto,Porto,Portugal
66c89b4a13e494bfa90b7eb8,Hostel Bushati,null,Prizren District,Kosovo
66c8a30509002c520aab1c23,Book’n’Hook,Split,Split-Dalmatia,Croatia
66c8d6e20562301968b6be93,Chacahua Surf House,Chicahua,Oaxaca,Mexico
66ca928b8fc2d75a8210f566,Hostal Casa Torres,Cartagena de Indias,Bolívar,Colombia
66caff158fc2d73e3b114b8e,Santuario Getsemani Hostel,Cartagena de Indias,Bolívar,Colombia
66cc04869abf846dbb2a0f50,Braganca Oporto Hotel,Porto,Porto,Portugal
66cc1ae483ffa5639a138063,Los Patios Hostel Cartagena,Cartagena de Indias,Bolívar,Colombia
66cc865c83ffa511c2141e7c,Center Hostel & Guest House,Budapest,Budapest,Hungary
66cdb372371ba74ef3b2eedd,The American Dream,Finksburg,Maryland,United States
66d29869fb52b38911359997,Hostel B13,Sibiu,Sibiu County,Romania
66d2a9cefb52b3a513359edb,AHIVÁ - Espacio Temporal,Montevideo,Montevideo,Uruguay
66d3ee97fad7c46d133d839d,Hotel Baawe - Villas Corsario,Bacalar,Quintana Roo,Mexico
66d3f1e7fad7c4e9423d8535,Maya Cabaña,Bacalar,Quintana Roo,Mexico
66d40aa1fad7c4775a3d8e5e,Jungla Bacalar,Bacalar,Quintana Roo,Mexico
66d4274efad7c47e873d9605,Maeva Cabañas,Bacalar,Quintana Roo,Mexico
66d45eb9fad7c43cb53dc291,La Embajada Bacalar,Bacalar,Quintana Roo,Mexico
66d7c7b6ad1b129538028cdb,Ximbal Hostel,Bacalar,Quintana Roo,Mexico
66d7e9537d1d27a2831643cc,Gran Jaguar Hotel,Bacalar,Quintana Roo,Mexico
66d7ebbc0127172a71f5695a,Boutique Hostel Forum,Zadar,Zadar,Croatia
66d7f252012717e148f56cde,Lake View Hostel,Guatapé,Antioquia,Colombia
66d7febd85ad8e76a731ddd2,Hotel Koox Jool Bacalar,Bacalar,Quintana Roo,Mexico
66d8b573d4fc98f795d0486a,La Brisa Loca,Santa Marta,Magdalena,Colombia
66d979094dde8b21b14e7a65,Hostal Villa Grande,Panama City,Panamá Province,Panama
66d98e164dde8b131a4e84ba,Rio Hostel Buritaca,Buritaca,Magdalena,Colombia
66d9d1a3c6f1b115ecb48beb,Casa Kayam Hostel, Artistic Residency and Coworking,Guatapé,Antioquia,Colombia
66d9df7e52fb7cdaab23cf38,Hostel Posada 1914,Panama City,Panamá Province,Panama
66d9e03b52fb7cc26023d2f9,Pristine Patagonia Hotel,Natales,Magallanes y de la Antártica Chilena,Chile
66d9ef06b87a59578a3128ae,La Brisa Tranquila,Santa Marta,Magdalena,Colombia
66da06b6700158751145cbbe,Masaya Bogotá,Bogotá,Bogotá D.C.,Colombia
66da17a0700158836745d8e4,Masaya Casas Viejas,Minca,Magdalena,Colombia
66da1dc97001583f0b45e1aa,Masaya Medellín,Medellín,Antioquia,Colombia
66da1eb070015834ca45e433,Masaya Santa Marta,Santa Marta,Magdalena,Colombia
66da8368358f48e7360c6127,Selina Jaco,Jacó,Puntarenas Province,Costa Rica
66dac937362e31f72bdd1e43,Selina Nosara,Nosara,Guanacaste Province,Costa Rica
66dae2728e2484dd183c97d7,Selina Santa Teresa North,de Cobano,Provincia de Puntarenas,Costa Rica
66db253351e6e05f7a554236,Selina Santa Teresa South,Puntarenas,Puntarenas Province,Costa Rica
66db391f51e6e03e19555ec5,Casa Mamá Waldy - Bar & Hostel,Cartagena de Indias,Bolívar,Colombia
66db74b951e6e0936055b3c6,Hostel Elena,,Zadar,Croatia
66dc18e036c7ab897f5dc41b,Río Plateado Hostel,Buenos Aires,Buenos Aires,Argentina
66dd4421f99cf5309ea9d614,Selina La Fortuna,La Fortuna,Alajuela Province,Costa Rica
66df8270d42700f81402b7a7,Home and Peace El Cristalino,Guatapé,Antioquia,Colombia
66e056866a2c710b6696e20c,Sierra Minca Hostel,Minca,Magdalena,Colombia
66e118b8483af83a3a1ce0a8,Chunuu Hostal & Glamping Minca,Minca,Magdalena,Colombia
66e19053483af864fc1d5208,Casa Coral,Bacalar,Quintana Roo,Mexico
66e1d9c9483af82a661db11d,Hostel Cienfuegos,Santiago,Región Metropolitana de Santiago,Chile
66e65692d2966f6a43498663,Hostal Naty Luna,Jardín,Antioquia,Colombia
66e6ae34d2966f39fd49a46c,Safestay Cordoba Mezquita Catedral,Córdoba,Andalucía,Spain
66e8671f1410d76d1f16728b,La Tángara Hostal Rural,Jardín,Antioquia,Colombia
66e9ef35e717879541624e1d,Golden Ridge Apartments,Špindlerův Mlýn,Královéhradecký kraj,Czech Republic
66ead605b6196f3412f58b18,City Hotel Rembrandt Square Amsterdam,Amsterdam,North Holland,Netherlands
66eaef58b6196f8f90f5bfbe,Creo Ecolodge Jardin,Jardín,Antioquia,Colombia
66eb51d2f66a133f152b1bf0,Hostel Mundo Joven Catedral,Ciudad de México,Ciudad de México,Mexico
66eb90b89ca84b6f57df87da,Hosting & Travel Services 4.20,Cartagena de Indias,Bolívar,Colombia
66eb9b369ca84b8c48dfa5a9,Candileja Hostel,Jardín,Antioquia,Colombia
66eeb4423dd2148e78c76bf5,Sergeant Pepper's Hostel,Jardín,Antioquia,Colombia
66f0c4f7237c4f68f26e515f,Oliva's House,Jardín,Antioquia,Colombia
66f16875f1790e48cc688784,Tuki Hostel & Lounge,Pereira,Risaralda,Colombia
66f1f183bc43d0a2f52ba310,Pacific Waves Hostel & Surf,Bahía Solano,Nabeul,Tunisia
66f25d9a682e2d8b1c446dfb,Namasteyhomes,New Delhi,Delhi,India
66f4ed7863fbf0094c1fcf9c,Sonche Hostel,Paskuqan,Tirana County,Albania
66f52f4563fbf001112006a4,Glamping Jardín,Jardín,Antioquia,Colombia
66f55d159532669900cb1190,Selina Cartagena,Cartagena de Indias,Bolívar,Colombia
66f572ae1d9543074f3077c9,The Tbilisi Pod,Tbilisi,Tbilisi,Georgia
66f644a54d5c834dbd3c624b,Selina Filandia,Filandia,Quindío,Colombia
66f6bede4d5c8344663cb654,Selina La Candelaria Bogotá,Bogotá,Bogotá D.C.,Colombia
66f6d927b13c8b7677c6f1fb,Selina Medellin,Medellín,Antioquia,Colombia
66f815f2b13c8b8ab2c817ea,Selina Palomino,Palomino,La Guajira,Colombia
66f8c56310ee9e4e20c70f4c,Selina Parque 93 Bogota,Bogotá,Bogotá D.C.,Colombia
66f97d8d10ee9eac10c797c0,StarHostel,Kutaisi,Imereti,Georgia
66f9f36410ee9e2cfdc7dd46,Kilometro Cero Hostel,Salento,Quindío,Colombia
66f9fe3410ee9ef040c7e391,Three House Hostel Boutique,Filandia,Quindío,Colombia
66fa1c2610ee9e6e62c7ec72,Hostal Los Guaduales,Salento,Quindío,Colombia
66fa9fe610ee9e260fc85da6,Hostel Feola,Kutaisi,Imereti,Georgia
66fb59ed10ee9e67b5c98030,Hotel 1870,Kutaisi,Imereti,Georgia
66fb5e0410ee9eeae2c982f1,Green Tonic Hostel,Kutaisi,Imereti,Georgia
66fbb27a10ee9e667bc9eaaf,Hostel Smolej,Bled,Bled Municipality,Slovenia
66fc0327f52eb21d470f957c,Museum Hostel,Tbilisi,Tbilisi,Georgia
66fc7cc379d844fa666ff966,Hotel Bina 28,Kutaisi,Imereti,Georgia
66fdeed7631e37b04d53c495,Hostel Tivoli,Ljubljana,Ljubljana City Municipality,Slovenia
66fe12ec631e3742cb53ee70,Ace of Spades Hostel,Bled,Bled Municipality,Slovenia
66ff2bdfdda7f5150b5b7c69,Himalayan Hostel,Zagreb,Zagreb,Croatia
66ffeb16f13e91ad152d97e0,Hostel Bledec,Bled,Bled Municipality,Slovenia
670211dcddf776f9fce90564,Fluxus Hostel,Ljubljana,Ljubljana City Municipality,Slovenia
67026722ddf7769f04e937fc,Hostal Hilltop Palomino,Dibulla,La Guajira,Colombia
670288af2f94be8fbcb78060,Hostal Hilltop Salento,,Quindío,Colombia
6703710951c52734d4a47a9a,Hostal Hilltop Sapzurro,Sapzurro,Chocó,Colombia
6703710951c527de03a47ab3,Hostal Hilltop Sapzurro,Sapzurro,Chocó,Colombia
6704e26a8fea205986a31584,Lar Atlantica,Vigo,Pontevedra,Spain
67071380894e366ae77cd35d,Coffee Tree Boutique Hostel,Salento,Quindío,Colombia
